{
    "average_learning_time": 9.390008984375, 
    "average_test_LL": -199.14254421193624,
    "folds": {
        "fold_1": {
            "learning_time": 6630.279052734375, 
            "test_LL": -174.5259808757352
        }, 
        "fold_10": {
            "learning_time": 9751.226806640625, 
            "test_LL": -198.52954067270738
        }, 
        "fold_2": {
            "learning_time": 8666.660888671875, 
            "test_LL": -211.59579012321174
        }, 
        "fold_3": {
            "learning_time": 10542.9501953125, 
            "test_LL": -197.34582537339497
        }, 
        "fold_4": {
            "learning_time": 10579.3349609375, 
            "test_LL": -216.7892654337043
        }, 
        "fold_5": {
            "learning_time": 7003.360107421875, 
            "test_LL": -210.44911437260316
        }, 
        "fold_6": {
            "learning_time": 9194.421142578125, 
            "test_LL": -207.36108542713055
        }, 
        "fold_7": {
            "learning_time": 12082.43896484375, 
            "test_LL": -184.20476502356283
        }, 
        "fold_8": {
            "learning_time": 10396.377685546875, 
            "test_LL": -176.07657815585347
        }, 
        "fold_9": {
            "learning_time": 9053.0400390625, 
            "test_LL": -214.54749666145895
        }
    }
}