{
    "average_learning_time": 73750.96918225098, 
    "average_test_ll": -1360364.8923094957, 
    "folds": {
        "fold_1": {
            "learning_time": 33842226.6940918, 
            "test_ll": -1038460.9426091289
        }, 
        "fold_10": {
            "learning_time": 87767145.41601562, 
            "test_ll": -1372135.6174365797
        }, 
        "fold_2": {
            "learning_time": 36198615.27392578, 
            "test_ll": -1039906.4155409263
        }, 
        "fold_3": {
            "learning_time": 66873991.17578125, 
            "test_ll": -1135222.3487643816
        }, 
        "fold_4": {
            "learning_time": 68313757.14379883, 
            "test_ll": -1537381.2711561897
        }, 
        "fold_5": {
            "learning_time": 84487163.13696289, 
            "test_ll": -1841346.6203231202
        }, 
        "fold_6": {
            "learning_time": 87366882.45410156, 
            "test_ll": -1533476.970899577
        }, 
        "fold_7": {
            "learning_time": 91546118.87890625, 
            "test_ll": -1198078.3822807
        }, 
        "fold_8": {
            "learning_time": 90129498.43603516, 
            "test_ll": -1417413.3419291882
        }, 
        "fold_9": {
            "learning_time": 90984293.21289062, 
            "test_ll": -1490227.0121551657
        }
    }
}