{
    "average_learning_time": 124.79232009277344, 
    "average_test_ll": -1885.1438114063556, 
    "folds": {
        "fold_1": {
            "learning_time": 133604.4248046875, 
            "test_ll": -3045.697198359784
        }, 
        "fold_10": {
            "learning_time": 122060.22290039062, 
            "test_ll": -1592.3028564223364
        }, 
        "fold_2": {
            "learning_time": 125383.48291015625, 
            "test_ll": -2243.5465383741193
        }, 
        "fold_3": {
            "learning_time": 135310.30200195312, 
            "test_ll": -3778.3071814577274
        }, 
        "fold_4": {
            "learning_time": 121998.419921875, 
            "test_ll": -1372.422019600855
        }, 
        "fold_5": {
            "learning_time": 120731.8642578125, 
            "test_ll": -1491.2060031416086
        }, 
        "fold_6": {
            "learning_time": 121605.5869140625, 
            "test_ll": -1324.9775825106112
        }, 
        "fold_7": {
            "learning_time": 121019.4931640625, 
            "test_ll": -1233.630327232262
        }, 
        "fold_8": {
            "learning_time": 121911.39794921875, 
            "test_ll": -1345.3996495195925
        }, 
        "fold_9": {
            "learning_time": 124298.00610351562, 
            "test_ll": -1423.948757444659
        }
    }
}