{
    "average_accuracy": 0.4040803025543764, 
    "average_learning_time": 42.43755180664062, 
    "average_nrmse": 0.13879725763969333, 
    "runs": {
        "run_1": {
            "accuracy": 0.3770491803278688, 
            "learning_time": 42462.3701171875, 
            "nrmse": 0.14972178325303862
        }, 
        "run_2": {
            "accuracy": 0.45614035087719296, 
            "learning_time": 42477.39501953125, 
            "nrmse": 0.13084051921770481
        }, 
        "run_3": {
            "accuracy": 0.4027777777777778, 
            "learning_time": 42523.59619140625, 
            "nrmse": 0.14435118846572345
        }, 
        "run_4": {
            "accuracy": 0.36507936507936506, 
            "learning_time": 42179.517822265625, 
            "nrmse": 0.13618354381019712
        }, 
        "run_5": {
            "accuracy": 0.41935483870967744, 
            "learning_time": 42544.8798828125, 
            "nrmse": 0.13288925345180264
        }
    }
}