{
    "average_accuracy": 0.3935728179959859, 
    "average_error": 0.1869430783487896, 
    "average_learning_time": 39.499784423828125, 
    "average_nrmse": 0.14033373349820907, 
    "runs": {
        "run_1": {
            "accuracy": 0.47540983606557374, 
            "average_error": 0.18852676018746917, 
            "learning_time": 39653.447265625, 
            "nrmse": 0.15118638199336282
        }, 
        "run_2": {
            "accuracy": 0.3508771929824561, 
            "average_error": 0.1865734237881902, 
            "learning_time": 39592.98193359375, 
            "nrmse": 0.13517904787381757
        }, 
        "run_3": {
            "accuracy": 0.3888888888888889, 
            "average_error": 0.17205381823567328, 
            "learning_time": 39640.4150390625, 
            "nrmse": 0.12326967458284684
        }, 
        "run_4": {
            "accuracy": 0.3333333333333333, 
            "average_error": 0.19890736865359457, 
            "learning_time": 39453.31396484375, 
            "nrmse": 0.1469341133188088
        }, 
        "run_5": {
            "accuracy": 0.41935483870967744, 
            "average_error": 0.18865402087902078, 
            "learning_time": 39158.763916015625, 
            "nrmse": 0.14509944972220948
        }
    }
}