{
    "average_accuracy": 0.36048643939181024, 
    "average_learning_time": 41.51646401367187, 
    "average_nrmse": 0.16896445501671944, 
    "runs": {
        "run_1": {
            "accuracy": 0.3076923076923077, 
            "learning_time": 41455.026123046875, 
            "nrmse": 0.17877045413137585
        }, 
        "run_2": {
            "accuracy": 0.3804347826086957, 
            "learning_time": 41608.916015625, 
            "nrmse": 0.15770155998056257
        }, 
        "run_3": {
            "accuracy": 0.37815126050420167, 
            "learning_time": 41463.1650390625, 
            "nrmse": 0.1678763116517882
        }, 
        "run_4": {
            "accuracy": 0.39, 
            "learning_time": 41455.7939453125, 
            "nrmse": 0.17579832474283613
        }, 
        "run_5": {
            "accuracy": 0.34615384615384615, 
            "learning_time": 41599.4189453125, 
            "nrmse": 0.16467562457703444
        }
    }
}