{
    "average_accuracy": 0.45906219384480257, 
    "average_error": 0.1658640745690321, 
    "average_learning_time": 44.08356079101563, 
    "average_nrmse": 0.1241892155039026, 
    "runs": {
        "run_1": {
            "accuracy": 0.43478260869565216, 
            "average_error": 0.15892570659772334, 
            "learning_time": 45532.4560546875, 
            "nrmse": 0.11378218607476505
        }, 
        "run_2": {
            "accuracy": 0.4444444444444444, 
            "average_error": 0.16555583509179567, 
            "learning_time": 43582.608154296875, 
            "nrmse": 0.12222253281804457
        }, 
        "run_3": {
            "accuracy": 0.46153846153846156, 
            "average_error": 0.16824166600069082, 
            "learning_time": 43465.663818359375, 
            "nrmse": 0.1271061246161522
        }, 
        "run_4": {
            "accuracy": 0.5, 
            "average_error": 0.17250400151198514, 
            "learning_time": 44150.60791015625, 
            "nrmse": 0.13611555723553903
        }, 
        "run_5": {
            "accuracy": 0.45454545454545453, 
            "average_error": 0.16409316364296553, 
            "learning_time": 43686.468017578125, 
            "nrmse": 0.12171967677501222
        }
    }
}