{
    "average_accuracy": 0.47055504881591836, 
    "average_learning_time": 43.13453291015625, 
    "average_nrmse": 0.11842569587009391, 
    "runs": {
        "run_1": {
            "accuracy": 0.4782608695652174, 
            "learning_time": 46303.084228515625, 
            "nrmse": 0.11282615390421674
        }, 
        "run_2": {
            "accuracy": 0.4444444444444444, 
            "learning_time": 42492.4072265625, 
            "nrmse": 0.106755577960619
        }, 
        "run_3": {
            "accuracy": 0.38461538461538464, 
            "learning_time": 42418.028076171875, 
            "nrmse": 0.11038331124318765
        }, 
        "run_4": {
            "accuracy": 0.5454545454545454, 
            "learning_time": 42821.171142578125, 
            "nrmse": 0.13628176074296855
        }, 
        "run_5": {
            "accuracy": 0.5, 
            "learning_time": 41637.973876953125, 
            "nrmse": 0.1258816754994775
        }
    }
}