{
    "average_accuracy": 0.3613288643020409, 
    "average_learning_time": 41.7608359375, 
    "average_nrmse": 0.15382160286600674, 
    "runs": {
        "run_1": {
            "accuracy": 0.4125, 
            "learning_time": 42443.1318359375, 
            "nrmse": 0.15649488612364326
        }, 
        "run_2": {
            "accuracy": 0.2948717948717949, 
            "learning_time": 41674.5419921875, 
            "nrmse": 0.1462995736528429
        }, 
        "run_3": {
            "accuracy": 0.3877551020408163, 
            "learning_time": 41886.763916015625, 
            "nrmse": 0.16821486132276553
        }, 
        "run_4": {
            "accuracy": 0.31645569620253167, 
            "learning_time": 41426.157958984375, 
            "nrmse": 0.15002478861498264
        }, 
        "run_5": {
            "accuracy": 0.3950617283950617, 
            "learning_time": 41373.583984375, 
            "nrmse": 0.1480739046157994
        }
    }
}