{
    "average_accuracy": 0.4098639356781802, 
    "average_learning_time": 42.29901337890625, 
    "average_nrmse": 0.12893770741125776, 
    "runs": {
        "run_1": {
            "accuracy": 0.3953488372093023, 
            "learning_time": 42042.26904296875, 
            "nrmse": 0.15647149731084461
        }, 
        "run_2": {
            "accuracy": 0.35294117647058826, 
            "learning_time": 42096.8759765625, 
            "nrmse": 0.11413997465782767
        }, 
        "run_3": {
            "accuracy": 0.3829787234042553, 
            "learning_time": 41695.6650390625, 
            "nrmse": 0.13276737522500826
        }, 
        "run_4": {
            "accuracy": 0.47619047619047616, 
            "learning_time": 42727.370849609375, 
            "nrmse": 0.11917483621848561
        }, 
        "run_5": {
            "accuracy": 0.4418604651162791, 
            "learning_time": 42932.885986328125, 
            "nrmse": 0.12213485364412266
        }
    }
}