{
    "average_accuracy": 0.36445285405131955, 
    "average_error": 0.20628423385005362, 
    "average_learning_time": 39.21753012695313, 
    "average_nrmse": 0.15858835472798397, 
    "runs": {
        "run_1": {
            "accuracy": 0.4326923076923077, 
            "average_error": 0.20389841391205943, 
            "learning_time": 39407.23291015625, 
            "nrmse": 0.16351960520143352
        }, 
        "run_2": {
            "accuracy": 0.391304347826087, 
            "average_error": 0.19650899003591957, 
            "learning_time": 39258.574951171875, 
            "nrmse": 0.15071047202058696
        }, 
        "run_3": {
            "accuracy": 0.36134453781512604, 
            "average_error": 0.21041197401250375, 
            "learning_time": 39569.810791015625, 
            "nrmse": 0.1628293642155737
        }, 
        "run_4": {
            "accuracy": 0.31, 
            "average_error": 0.21514710942493495, 
            "learning_time": 38803.714111328125, 
            "nrmse": 0.16238567713881666
        }, 
        "run_5": {
            "accuracy": 0.3269230769230769, 
            "average_error": 0.20545468186485039, 
            "learning_time": 39048.31787109375, 
            "nrmse": 0.15349665506350896
        }
    }
}