{
    "average_accuracy": 0.32586479148773717, 
    "average_error": 0.22920858415129688, 
    "average_learning_time": 38.72440375976563, 
    "average_nrmse": 0.17977229255563396, 
    "runs": {
        "run_1": {
            "accuracy": 0.2677165354330709, 
            "average_error": 0.241553806040418, 
            "learning_time": 39100.489013671875, 
            "nrmse": 0.1870282884263612
        }, 
        "run_2": {
            "accuracy": 0.36363636363636365, 
            "average_error": 0.22805001748501982, 
            "learning_time": 38940.325927734375, 
            "nrmse": 0.182681837609618
        }, 
        "run_3": {
            "accuracy": 0.33093525179856115, 
            "average_error": 0.21999058122596654, 
            "learning_time": 39398.71484375, 
            "nrmse": 0.17009345156202518
        }, 
        "run_4": {
            "accuracy": 0.3492063492063492, 
            "average_error": 0.2249750076638021, 
            "learning_time": 36866.81591796875, 
            "nrmse": 0.17766182509381892
        }, 
        "run_5": {
            "accuracy": 0.3178294573643411, 
            "average_error": 0.23147350834127778, 
            "learning_time": 39315.673095703125, 
            "nrmse": 0.18139606008634657
        }
    }
}