{
    "average_accuracy": 0.37888570569246993, 
    "average_error": 0.1798166692255712, 
    "average_learning_time": 40.320939013671875, 
    "average_nrmse": 0.13078359977202028, 
    "runs": {
        "run_1": {
            "accuracy": 0.32558139534883723, 
            "average_error": 0.20024623575670786, 
            "learning_time": 43778.844970703125, 
            "nrmse": 0.14756041699065733
        }, 
        "run_2": {
            "accuracy": 0.38235294117647056, 
            "average_error": 0.16094665053330143, 
            "learning_time": 39945.052001953125, 
            "nrmse": 0.11020216072327611
        }, 
        "run_3": {
            "accuracy": 0.3404255319148936, 
            "average_error": 0.18103999477363658, 
            "learning_time": 39223.695068359375, 
            "nrmse": 0.1278694977390288
        }, 
        "run_4": {
            "accuracy": 0.38095238095238093, 
            "average_error": 0.194584337644705, 
            "learning_time": 39364.006103515625, 
            "nrmse": 0.14742175082215903
        }, 
        "run_5": {
            "accuracy": 0.46511627906976744, 
            "average_error": 0.16226612741950527, 
            "learning_time": 39293.096923828125, 
            "nrmse": 0.12086417258498001
        }
    }
}