{
    "average_accuracy": 0.36839273785174925, 
    "average_error": 0.20143926107786134, 
    "average_learning_time": 38.88130854492188, 
    "average_nrmse": 0.15364281651448472, 
    "runs": {
        "run_1": {
            "accuracy": 0.4125, 
            "average_error": 0.2003608798089716, 
            "learning_time": 39025.7958984375, 
            "nrmse": 0.15734542200996843
        }, 
        "run_2": {
            "accuracy": 0.358974358974359, 
            "average_error": 0.21040501063419598, 
            "learning_time": 38644.666015625, 
            "nrmse": 0.16255827392403538
        }, 
        "run_3": {
            "accuracy": 0.3469387755102041, 
            "average_error": 0.20220088961625535, 
            "learning_time": 39043.31396484375, 
            "nrmse": 0.15210529685252863
        }, 
        "run_4": {
            "accuracy": 0.3037974683544304, 
            "average_error": 0.19366260143510644, 
            "learning_time": 38720.223876953125, 
            "nrmse": 0.13782483141172164
        }, 
        "run_5": {
            "accuracy": 0.41975308641975306, 
            "average_error": 0.2005669238947773, 
            "learning_time": 38972.54296875, 
            "nrmse": 0.15838025837416955
        }
    }
}