{
    "average_accuracy": 0.3132265813876555, 
    "average_learning_time": 41.24703481445312, 
    "average_nrmse": 0.17987737588937253, 
    "runs": {
        "run_1": {
            "accuracy": 0.2992125984251969, 
            "learning_time": 41365.344970703125, 
            "nrmse": 0.18762770204375487
        }, 
        "run_2": {
            "accuracy": 0.2909090909090909, 
            "learning_time": 41307.502197265625, 
            "nrmse": 0.19247544384061466
        }, 
        "run_3": {
            "accuracy": 0.3237410071942446, 
            "learning_time": 41457.0888671875, 
            "nrmse": 0.16551114718880863
        }, 
        "run_4": {
            "accuracy": 0.38095238095238093, 
            "learning_time": 40222.904052734375, 
            "nrmse": 0.17385055167591068
        }, 
        "run_5": {
            "accuracy": 0.2713178294573643, 
            "learning_time": 41882.333984375, 
            "nrmse": 0.17992203469777385
        }
    }
}