{
    "average_learning_time": 448.8779829101563, 
    "average_test_ll": -5758.923959837483, 
    "folds": {
        "fold_1": {
            "learning_time": 471368.5400390625, 
            "test_ll": -7600.271860208204
        }, 
        "fold_10": {
            "learning_time": 405057.9460449219, 
            "test_ll": -3980.157569536912
        }, 
        "fold_2": {
            "learning_time": 463777.4089355469, 
            "test_ll": -7677.974158479031
        }, 
        "fold_3": {
            "learning_time": 470185.27880859375, 
            "test_ll": -5824.495306556217
        }, 
        "fold_4": {
            "learning_time": 441715.24609375, 
            "test_ll": -4667.5689093294495
        }, 
        "fold_5": {
            "learning_time": 448655.7048339844, 
            "test_ll": -5761.164989723882
        }, 
        "fold_6": {
            "learning_time": 438959.1687011719, 
            "test_ll": -6730.99563241135
        }, 
        "fold_7": {
            "learning_time": 453389.5048828125, 
            "test_ll": -6607.134334529197
        }, 
        "fold_8": {
            "learning_time": 438611.9509277344, 
            "test_ll": -3668.3674674082927
        }, 
        "fold_9": {
            "learning_time": 457059.0798339844, 
            "test_ll": -5071.1093701923
        }
    }
}