{
    "average_accuracy": 0.4679599322252549, 
    "average_error": 0.12177956931143893, 
    "average_learning_time": 566.8014550292969, 
    "average_nrmse": 0.0989873193968108, 
    "runs": {
        "run_1": {
            "accuracy": 0.48757763975155277, 
            "average_error": 0.11960059557493481, 
            "learning_time": 564564.0871582031, 
            "nrmse": 0.09777716420418411
        }, 
        "run_2": {
            "accuracy": 0.43854748603351956, 
            "average_error": 0.12311638328078442, 
            "learning_time": 538575.0522460938, 
            "nrmse": 0.09876437602046799
        }, 
        "run_3": {
            "accuracy": 0.483974358974359, 
            "average_error": 0.12124382219027054, 
            "learning_time": 580540.9860839844, 
            "nrmse": 0.09931149892163885
        }, 
        "run_4": {
            "accuracy": 0.4382716049382716, 
            "average_error": 0.12336171283498586, 
            "learning_time": 550922.8647460938, 
            "nrmse": 0.0990080082668335
        }, 
        "run_5": {
            "accuracy": 0.49142857142857144, 
            "average_error": 0.12157533267621908, 
            "learning_time": 599404.2849121094, 
            "nrmse": 0.10007554957092965
        }
    }
}