{
    "average_accuracy": 0.3972447424323546, 
    "average_learning_time": 565.9679157714844, 
    "average_nrmse": 0.12121425205339811, 
    "runs": {
        "run_1": {
            "accuracy": 0.36327345309381237, 
            "learning_time": 612393.5849609375, 
            "nrmse": 0.12686004887805813
        }, 
        "run_2": {
            "accuracy": 0.38910505836575876, 
            "learning_time": 535105.8310546875, 
            "nrmse": 0.12033989589047035
        }, 
        "run_3": {
            "accuracy": 0.35196687370600416, 
            "learning_time": 541374.5988769531, 
            "nrmse": 0.1196193161137337
        }, 
        "run_4": {
            "accuracy": 0.46387832699619774, 
            "learning_time": 593260.7341308594, 
            "nrmse": 0.11800495959389079
        }, 
        "run_5": {
            "accuracy": 0.418, 
            "learning_time": 547704.8298339844, 
            "nrmse": 0.12124703979083759
        }
    }
}