{
    "average_accuracy": 0.49008095518525796, 
    "average_error": 0.11683778477559222, 
    "average_learning_time": 571.1020760253906, 
    "average_nrmse": 0.09499993699563944, 
    "runs": {
        "run_1": {
            "accuracy": 0.5161290322580645, 
            "average_error": 0.11647641246122405, 
            "learning_time": 587639.5390625, 
            "nrmse": 0.09606560383451784
        }, 
        "run_2": {
            "accuracy": 0.47601476014760147, 
            "average_error": 0.11736383184966448, 
            "learning_time": 551117.5268554688, 
            "nrmse": 0.09477375362729037
        }, 
        "run_3": {
            "accuracy": 0.48497854077253216, 
            "average_error": 0.11866247745652225, 
            "learning_time": 584008.0500488281, 
            "nrmse": 0.09664253402480305
        }, 
        "run_4": {
            "accuracy": 0.5, 
            "average_error": 0.11470452790110175, 
            "learning_time": 538987.3969726562, 
            "nrmse": 0.09329922389560741
        }, 
        "run_5": {
            "accuracy": 0.4732824427480916, 
            "average_error": 0.11698167420944854, 
            "learning_time": 593757.8671875, 
            "nrmse": 0.09421856959597853
        }
    }
}