{
    "average_accuracy": 0.4734578778304792, 
    "average_learning_time": 609.6071899902344, 
    "average_nrmse": 0.09872023020883593, 
    "runs": {
        "run_1": {
            "accuracy": 0.4782608695652174, 
            "learning_time": 627461.046875, 
            "nrmse": 0.09874262205756491
        }, 
        "run_2": {
            "accuracy": 0.4581005586592179, 
            "learning_time": 601092.1320800781, 
            "nrmse": 0.09695533694197185
        }, 
        "run_3": {
            "accuracy": 0.4807692307692308, 
            "learning_time": 611892.7858886719, 
            "nrmse": 0.1010031952863793
        }, 
        "run_4": {
            "accuracy": 0.4444444444444444, 
            "learning_time": 594340.6491699219, 
            "nrmse": 0.10007595410105613
        }, 
        "run_5": {
            "accuracy": 0.5057142857142857, 
            "learning_time": 613249.3359375, 
            "nrmse": 0.09682404265720745
        }
    }
}