{
    "average_accuracy": 0.4089442567788574, 
    "average_error": 0.14910479835798332, 
    "average_learning_time": 556.4944728027343, 
    "average_nrmse": 0.12455196808780782, 
    "runs": {
        "run_1": {
            "accuracy": 0.4351297405189621, 
            "average_error": 0.1486219007302021, 
            "learning_time": 607808.0268554688, 
            "nrmse": 0.12549699191071123
        }, 
        "run_2": {
            "accuracy": 0.44357976653696496, 
            "average_error": 0.141642776210954, 
            "learning_time": 541855.5642089844, 
            "nrmse": 0.11859958414139395
        }, 
        "run_3": {
            "accuracy": 0.3995859213250518, 
            "average_error": 0.14510651921185763, 
            "learning_time": 516037.69482421875, 
            "nrmse": 0.1198116547972415
        }, 
        "run_4": {
            "accuracy": 0.376425855513308, 
            "average_error": 0.15884889855124096, 
            "learning_time": 581247.9418945312, 
            "nrmse": 0.1330308293326048
        }, 
        "run_5": {
            "accuracy": 0.39, 
            "average_error": 0.15130389708566197, 
            "learning_time": 535523.1362304688, 
            "nrmse": 0.12582078025708765
        }
    }
}