{
    "average_accuracy": 0.445345271440223, 
    "average_learning_time": 598.3753266113282, 
    "average_nrmse": 0.11031057963304902, 
    "runs": {
        "run_1": {
            "accuracy": 0.4268867924528302, 
            "learning_time": 603908.2407226562, 
            "nrmse": 0.10919628811656416
        }, 
        "run_2": {
            "accuracy": 0.4178082191780822, 
            "learning_time": 621157.6149902344, 
            "nrmse": 0.10635579483175725
        }, 
        "run_3": {
            "accuracy": 0.4582278481012658, 
            "learning_time": 585012.4802246094, 
            "nrmse": 0.11542743307390972
        }, 
        "run_4": {
            "accuracy": 0.47804878048780486, 
            "learning_time": 564446.3950195312, 
            "nrmse": 0.10995999502045214
        }, 
        "run_5": {
            "accuracy": 0.44575471698113206, 
            "learning_time": 617351.9020996094, 
            "nrmse": 0.11061338712256184
        }
    }
}