{
    "average_accuracy": 0.5732464096949695, 
    "average_error": 0.1061815240764491, 
    "average_learning_time": 529.0938502441406, 
    "average_nrmse": 0.08837196484152791, 
    "runs": {
        "run_1": {
            "accuracy": 0.6144578313253012, 
            "average_error": 0.10720889095489664, 
            "learning_time": 492198.9128417969, 
            "nrmse": 0.09174593108157429
        }, 
        "run_2": {
            "accuracy": 0.4791666666666667, 
            "average_error": 0.11085689476963784, 
            "learning_time": 488117.2607421875, 
            "nrmse": 0.08808042596054365
        }, 
        "run_3": {
            "accuracy": 0.6, 
            "average_error": 0.10658505313546508, 
            "learning_time": 537813.9086914062, 
            "nrmse": 0.09028422275410203
        }, 
        "run_4": {
            "accuracy": 0.5373134328358209, 
            "average_error": 0.1071677928764622, 
            "learning_time": 554819.9970703125, 
            "nrmse": 0.08741674986047794
        }, 
        "run_5": {
            "accuracy": 0.6352941176470588, 
            "average_error": 0.09908898864578373, 
            "learning_time": 572519.171875, 
            "nrmse": 0.08433249455094166
        }
    }
}