{
    "average_accuracy": 0.4322593874202612, 
    "average_error": 0.13443746115703192, 
    "average_learning_time": 592.41485234375, 
    "average_nrmse": 0.11036506385577045, 
    "runs": {
        "run_1": {
            "accuracy": 0.4481132075471698, 
            "average_error": 0.13163917852676912, 
            "learning_time": 611277.3100585938, 
            "nrmse": 0.10829208886421018
        }, 
        "run_2": {
            "accuracy": 0.4315068493150685, 
            "average_error": 0.12939494558661302, 
            "learning_time": 561884.9887695312, 
            "nrmse": 0.10500060085892866
        }, 
        "run_3": {
            "accuracy": 0.4177215189873418, 
            "average_error": 0.13505811898230208, 
            "learning_time": 598865.3349609375, 
            "nrmse": 0.11021254331394897
        }, 
        "run_4": {
            "accuracy": 0.45121951219512196, 
            "average_error": 0.1390954228197955, 
            "learning_time": 579436.7409667969, 
            "nrmse": 0.11633514143173536
        }, 
        "run_5": {
            "accuracy": 0.41273584905660377, 
            "average_error": 0.13699963986967992, 
            "learning_time": 610609.8869628906, 
            "nrmse": 0.11198494481002902
        }
    }
}