{
    "average_accuracy": 0.48995689628405703, 
    "average_error": 0.1125109499398231, 
    "average_learning_time": 554.0653899414062, 
    "average_nrmse": 0.0904258302855942, 
    "runs": {
        "run_1": {
            "accuracy": 0.5529411764705883, 
            "average_error": 0.10690404946121514, 
            "learning_time": 569545.3911132812, 
            "nrmse": 0.08800656201298199
        }, 
        "run_2": {
            "accuracy": 0.4574468085106383, 
            "average_error": 0.1134646570182721, 
            "learning_time": 517231.4050292969, 
            "nrmse": 0.08962640510321157
        }, 
        "run_3": {
            "accuracy": 0.5157232704402516, 
            "average_error": 0.11250326576332523, 
            "learning_time": 575982.423828125, 
            "nrmse": 0.09184918444130172
        }, 
        "run_4": {
            "accuracy": 0.42948717948717946, 
            "average_error": 0.11554825185146166, 
            "learning_time": 517606.77587890625, 
            "nrmse": 0.09027244248138616
        }, 
        "run_5": {
            "accuracy": 0.4941860465116279, 
            "average_error": 0.11413452560484129, 
            "learning_time": 589960.9538574219, 
            "nrmse": 0.09237455738908958
        }
    }
}