{
    "average_accuracy": 0.47148231385163697, 
    "average_learning_time": 574.2966386230469, 
    "average_nrmse": 0.09377105771767577, 
    "runs": {
        "run_1": {
            "accuracy": 0.4596774193548387, 
            "learning_time": 570419.4182128906, 
            "nrmse": 0.09687032310406421
        }, 
        "run_2": {
            "accuracy": 0.47232472324723246, 
            "learning_time": 564349.5122070312, 
            "nrmse": 0.09492288012183124
        }, 
        "run_3": {
            "accuracy": 0.41201716738197425, 
            "learning_time": 572361.3510742188, 
            "nrmse": 0.0930827401985048
        }, 
        "run_4": {
            "accuracy": 0.45614035087719296, 
            "learning_time": 547519.2709960938, 
            "nrmse": 0.09175529220223133
        }, 
        "run_5": {
            "accuracy": 0.5572519083969466, 
            "learning_time": 616833.640625, 
            "nrmse": 0.0922240529617473
        }
    }
}