{
    "average_accuracy": 0.5311039164331592, 
    "average_learning_time": 607.9768549804687, 
    "average_nrmse": 0.08897426068602084, 
    "runs": {
        "run_1": {
            "accuracy": 0.5529411764705883, 
            "learning_time": 630765.9841308594, 
            "nrmse": 0.08439176140971005
        }, 
        "run_2": {
            "accuracy": 0.5053191489361702, 
            "learning_time": 608537.0200195312, 
            "nrmse": 0.08978631243557719
        }, 
        "run_3": {
            "accuracy": 0.5471698113207547, 
            "learning_time": 639087.9147949219, 
            "nrmse": 0.0917020646128109
        }, 
        "run_4": {
            "accuracy": 0.5384615384615384, 
            "learning_time": 581059.6101074219, 
            "nrmse": 0.09014693449895254
        }, 
        "run_5": {
            "accuracy": 0.5116279069767442, 
            "learning_time": 580433.7458496094, 
            "nrmse": 0.08884423047305345
        }
    }
}