{
    "average_accuracy": 0.5892265911759417, 
    "average_learning_time": 596.426022265625, 
    "average_nrmse": 0.08614264292099563, 
    "runs": {
        "run_1": {
            "accuracy": 0.5903614457831325, 
            "learning_time": 578523.2680664062, 
            "nrmse": 0.08337884272118012
        }, 
        "run_2": {
            "accuracy": 0.6145833333333334, 
            "learning_time": 590838.076171875, 
            "nrmse": 0.0900921775878604
        }, 
        "run_3": {
            "accuracy": 0.5866666666666667, 
            "learning_time": 618100.9108886719, 
            "nrmse": 0.08657732117912831
        }, 
        "run_4": {
            "accuracy": 0.5074626865671642, 
            "learning_time": 570591.9851074219, 
            "nrmse": 0.08715209076637677
        }, 
        "run_5": {
            "accuracy": 0.6470588235294118, 
            "learning_time": 624075.87109375, 
            "nrmse": 0.08351278235043258
        }
    }
}