{
    "average_learning_time": 1167.4027440429688, 
    "average_nrmse": 0.07316234657627965, 
    "runs": {
        "run_1": {
            "learning_time": 1351673.8879394531, 
            "nrmse": 0.07237177056243661
        }, 
        "run_2": {
            "learning_time": 1066505.8779296875, 
            "nrmse": 0.07665272325834428
        }, 
        "run_3": {
            "learning_time": 1143064.9030761719, 
            "nrmse": 0.06918764576468557
        }, 
        "run_4": {
            "learning_time": 1145290.9321289062, 
            "nrmse": 0.07314809416303927
        }, 
        "run_5": {
            "learning_time": 1130478.119140625, 
            "nrmse": 0.07445149913289253
        }
    }
}