{
    "average_learning_time": 1052.1320686035156, 
    "average_nrmse": 0.07946050336731933, 
    "runs": {
        "run_1": {
            "learning_time": 1078758.6638183594, 
            "nrmse": 0.0781085967610732
        }, 
        "run_2": {
            "learning_time": 1042034.3598632812, 
            "nrmse": 0.080292003349531
        }, 
        "run_3": {
            "learning_time": 1023644.2260742188, 
            "nrmse": 0.07669925996505612
        }, 
        "run_4": {
            "learning_time": 1054380.9282226562, 
            "nrmse": 0.08124266913525256
        }, 
        "run_5": {
            "learning_time": 1061842.1650390625, 
            "nrmse": 0.08095998762568378
        }
    }
}