{
    "average_learning_time": 997.6079328613281, 
    "average_nrmse": 0.082877938401357, 
    "runs": {
        "run_1": {
            "learning_time": 1012138.1420898438, 
            "nrmse": 0.08209625348661184
        }, 
        "run_2": {
            "learning_time": 1000390.037109375, 
            "nrmse": 0.08355214540747254
        }, 
        "run_3": {
            "learning_time": 994615.3659667969, 
            "nrmse": 0.07993374265426242
        }, 
        "run_4": {
            "learning_time": 981570.9431152344, 
            "nrmse": 0.08484138517408542
        }, 
        "run_5": {
            "learning_time": 999325.1760253906, 
            "nrmse": 0.08396616528435276
        }
    }
}