{
    "average_learning_time": 1106.5575220214844, 
    "average_nrmse": 0.0768215322538193, 
    "runs": {
        "run_1": {
            "learning_time": 1145445.6281738281, 
            "nrmse": 0.07794336104793367
        }, 
        "run_2": {
            "learning_time": 1116344.419921875, 
            "nrmse": 0.07689689141540129
        }, 
        "run_3": {
            "learning_time": 1082458.9379882812, 
            "nrmse": 0.07634420883656522
        }, 
        "run_4": {
            "learning_time": 1094612.0739746094, 
            "nrmse": 0.07966360240948522
        }, 
        "run_5": {
            "learning_time": 1093926.5500488281, 
            "nrmse": 0.07325959755971108
        }
    }
}