{
    "average_learning_time": 943.1971998046876, 
    "average_nrmse": 0.08997373112541954, 
    "runs": {
        "run_1": {
            "learning_time": 979339.19921875, 
            "nrmse": 0.08833435691889974
        }, 
        "run_2": {
            "learning_time": 913081.8168945312, 
            "nrmse": 0.08946916357470105
        }, 
        "run_3": {
            "learning_time": 879887.8259277344, 
            "nrmse": 0.08846254927378075
        }, 
        "run_4": {
            "learning_time": 950478.3020019531, 
            "nrmse": 0.09435296310776435
        }, 
        "run_5": {
            "learning_time": 993198.8549804688, 
            "nrmse": 0.08924962275195174
        }
    }
}