{
    "average_learning_time": 207.77273457031248, 
    "avg_accuracy": 0.5864991377186499, 
    "runs": {
        "run_1": {
            "accuracy": 0.5893077112589308, 
            "learning_time": 211471.32495117188
        }, 
        "run_2": {
            "accuracy": 0.5858585858585859, 
            "learning_time": 208054.89990234375
        }, 
        "run_3": {
            "accuracy": 0.5804385316580438, 
            "learning_time": 208201.26806640625
        }, 
        "run_4": {
            "accuracy": 0.5937423010593742, 
            "learning_time": 203949.63598632812
        }, 
        "run_5": {
            "accuracy": 0.5831485587583148, 
            "learning_time": 207186.5439453125
        }
    }
}