{
    "average_learning_time": 134.5612416015625, 
    "avg_accuracy": 0.5415865976841587, 
    "runs": {
        "run_1": {
            "accuracy": 0.537940379403794, 
            "learning_time": 136546.8486328125
        }, 
        "run_2": {
            "accuracy": 0.5434836166543484, 
            "learning_time": 135282.9912109375
        }, 
        "run_3": {
            "accuracy": 0.5445922641044593, 
            "learning_time": 129044.35205078125
        }, 
        "run_4": {
            "accuracy": 0.5429908844542991, 
            "learning_time": 136145.02099609375
        }, 
        "run_5": {
            "accuracy": 0.5389258438038926, 
            "learning_time": 135786.9951171875
        }
    }
}