{
    "average_learning_time": 134.5242140136719, 
    "avg_accuracy": 0.5524020694752403, 
    "runs": {
        "run_1": {
            "accuracy": 0.5549150036954915, 
            "learning_time": 141844.26000976562
        }, 
        "run_2": {
            "accuracy": 0.5509238728750924, 
            "learning_time": 131429.51879882812
        }, 
        "run_3": {
            "accuracy": 0.5531411677753141, 
            "learning_time": 133759.51708984375
        }, 
        "run_4": {
            "accuracy": 0.5550628233555063, 
            "learning_time": 135804.33520507812
        }, 
        "run_5": {
            "accuracy": 0.5479674796747968, 
            "learning_time": 129783.43896484375
        }
    }
}