{
    "average_learning_time": 209.2453019042969, 
    "avg_accuracy": 0.5661862527716186, 
    "runs": {
        "run_1": {
            "accuracy": 0.5646711012564671, 
            "learning_time": 212089.91284179688
        }, 
        "run_2": {
            "accuracy": 0.5716925351071692, 
            "learning_time": 205922.97387695312
        }, 
        "run_3": {
            "accuracy": 0.5613451589061346, 
            "learning_time": 210505.15063476562
        }, 
        "run_4": {
            "accuracy": 0.5739098300073909, 
            "learning_time": 238689.080078125
        }, 
        "run_5": {
            "accuracy": 0.5593126385809313, 
            "learning_time": 179019.39208984375
        }
    }
}