{
    "average_learning_time": 203.10517788085937, 
    "avg_accuracy": 0.5934220251293422, 
    "runs": {
        "run_1": {
            "accuracy": 0.5838876570583887, 
            "learning_time": 207651.82104492188
        }, 
        "run_2": {
            "accuracy": 0.5886917960088692, 
            "learning_time": 206609.7841796875
        }, 
        "run_3": {
            "accuracy": 0.5931263858093127, 
            "learning_time": 197911.2861328125
        }, 
        "run_4": {
            "accuracy": 0.5909090909090909, 
            "learning_time": 199554.81909179688
        }, 
        "run_5": {
            "accuracy": 0.6104951958610495, 
            "learning_time": 203798.17895507812
        }
    }
}