{
    "average_learning_time": 173.76988632812498, 
    "avg_accuracy": 0.5861049519586105, 
    "runs": {
        "run_1": {
            "accuracy": 0.5691056910569106, 
            "learning_time": 128881.92993164062
        }, 
        "run_2": {
            "accuracy": 0.5779748706577975, 
            "learning_time": 149168.07470703125
        }, 
        "run_3": {
            "accuracy": 0.5772357723577236, 
            "learning_time": 179979.52685546875
        }, 
        "run_4": {
            "accuracy": 0.6045824094604583, 
            "learning_time": 205790.76708984375
        }, 
        "run_5": {
            "accuracy": 0.6016260162601627, 
            "learning_time": 205029.13305664062
        }
    }
}