{
    "average_learning_time": 42.00409807128906, 
    "average_test_ll": -459.1273729512844, 
    "folds": {
        "fold_1": {
            "learning_time": 40419.071044921875, 
            "test_ll": -481.05128843171525
        }, 
        "fold_10": {
            "learning_time": 56173.403076171875, 
            "test_ll": -552.5927604089914
        }, 
        "fold_2": {
            "learning_time": 39886.971923828125, 
            "test_ll": -367.7659580870413
        }, 
        "fold_3": {
            "learning_time": 40351.07080078125, 
            "test_ll": -290.759477008994
        }, 
        "fold_4": {
            "learning_time": 40931.618896484375, 
            "test_ll": -515.2655755847436
        }, 
        "fold_5": {
            "learning_time": 40507.698974609375, 
            "test_ll": -446.79562573928683
        }, 
        "fold_6": {
            "learning_time": 39686.7958984375, 
            "test_ll": -446.1292852244097
        }, 
        "fold_7": {
            "learning_time": 40394.510986328125, 
            "test_ll": -595.9715119915166
        }, 
        "fold_8": {
            "learning_time": 41910.947021484375, 
            "test_ll": -367.20169752821124
        }, 
        "fold_9": {
            "learning_time": 39778.89208984375, 
            "test_ll": -527.7405495079341
        }
    }
}