{
    "average_learning_time": 3090.572377685547, 
    "average_test_ll": -22092.61157955054, 
    "folds": {
        "fold_1": {
            "learning_time": 3004484.118408203, 
            "test_ll": -11516.018231735154
        }, 
        "fold_10": {
            "learning_time": 3274045.115966797, 
            "test_ll": -28863.16521573069
        }, 
        "fold_2": {
            "learning_time": 2728618.7990722656, 
            "test_ll": -12059.995454499953
        }, 
        "fold_3": {
            "learning_time": 2901240.6469726562, 
            "test_ll": -21512.834687563252
        }, 
        "fold_4": {
            "learning_time": 3090267.755859375, 
            "test_ll": -21508.08164278219
        }, 
        "fold_5": {
            "learning_time": 3019440.2407226562, 
            "test_ll": -29040.18554285366
        }, 
        "fold_6": {
            "learning_time": 3290520.0107421875, 
            "test_ll": -30156.32200735435
        }, 
        "fold_7": {
            "learning_time": 3258781.6591796875, 
            "test_ll": -29848.560558941143
        }, 
        "fold_8": {
            "learning_time": 3115743.8010253906, 
            "test_ll": -19096.717955186028
        }, 
        "fold_9": {
            "learning_time": 3222581.62890625, 
            "test_ll": -17324.234498858976
        }
    }
}