{
    "average_learning_time": 1448.5675272460937, 
    "avg_accuracy": 0.37474279835390945, 
    "runs": {
        "run_1": {
            "accuracy": 0.37448559670781895, 
            "learning_time": 1240587.3798828125
        }, 
        "run_2": {
            "accuracy": 0.3750857338820302, 
            "learning_time": 1364536.6171875
        }, 
        "run_3": {
            "accuracy": 0.37414266117969824, 
            "learning_time": 1545841.9460449219
        }, 
        "run_4": {
            "accuracy": 0.3743141289437586, 
            "learning_time": 1541484.2819824219
        }, 
        "run_5": {
            "accuracy": 0.3756858710562414, 
            "learning_time": 1550387.4111328125
        }
    }
}