{
    "average_learning_time": 1347.2499333984374, 
    "avg_accuracy": 0.3563014403292181, 
    "runs": {
        "run_1": {
            "accuracy": 0.3563314471879287, 
            "learning_time": 1322265.8898925781
        }, 
        "run_2": {
            "accuracy": 0.35288065843621397, 
            "learning_time": 1264461.7680664062
        }, 
        "run_3": {
            "accuracy": 0.35498113854595337, 
            "learning_time": 1301290.6711425781
        }, 
        "run_4": {
            "accuracy": 0.36059670781893005, 
            "learning_time": 1561959.2238769531
        }, 
        "run_5": {
            "accuracy": 0.3567172496570645, 
            "learning_time": 1286272.1140136719
        }
    }
}