{
    "average_learning_time": 1291.3858335449218, 
    "avg_accuracy": 0.3485356652949246, 
    "runs": {
        "run_1": {
            "accuracy": 0.34924554183813444, 
            "learning_time": 1316951.8127441406
        }, 
        "run_2": {
            "accuracy": 0.34555898491083675, 
            "learning_time": 1270667.3549804688
        }, 
        "run_3": {
            "accuracy": 0.34955418381344305, 
            "learning_time": 1294849.4318847656
        }, 
        "run_4": {
            "accuracy": 0.3494170096021948, 
            "learning_time": 1323652.2270507812
        }, 
        "run_5": {
            "accuracy": 0.34890260631001374, 
            "learning_time": 1250808.3410644531
        }
    }
}