{
    "average_learning_time": 1324.4030783691405, 
    "avg_accuracy": 0.36223708276177413, 
    "runs": {
        "run_1": {
            "accuracy": 0.36608367626886146, 
            "learning_time": 1273682.5610351562
        }, 
        "run_2": {
            "accuracy": 0.3611968449931413, 
            "learning_time": 1544622.5349121094
        }, 
        "run_3": {
            "accuracy": 0.3616540923639689, 
            "learning_time": 1261847.5749511719
        }, 
        "run_4": {
            "accuracy": 0.3613397347965249, 
            "learning_time": 1259149.7448730469
        }, 
        "run_5": {
            "accuracy": 0.360911065386374, 
            "learning_time": 1282712.9760742188
        }
    }
}