{
    "average_learning_time": 1456.9644932617186, 
    "avg_accuracy": 0.3712877229080933, 
    "runs": {
        "run_1": {
            "accuracy": 0.3771433470507545, 
            "learning_time": 1552055.0051269531
        }, 
        "run_2": {
            "accuracy": 0.3724279835390947, 
            "learning_time": 1648534.8081054688
        }, 
        "run_3": {
            "accuracy": 0.37324245541838136, 
            "learning_time": 1561172.5827636719
        }, 
        "run_4": {
            "accuracy": 0.3704132373113855, 
            "learning_time": 1267541.3381347656
        }, 
        "run_5": {
            "accuracy": 0.3632115912208505, 
            "learning_time": 1255518.7321777344
        }
    }
}