{
    "average_learning_time": 1333.4157946777343, 
    "avg_accuracy": 0.3406893004115226, 
    "runs": {
        "run_1": {
            "accuracy": 0.3412780064014632, 
            "learning_time": 1397529.9128417969
        }, 
        "run_2": {
            "accuracy": 0.3377200502972108, 
            "learning_time": 1331524.1611328125
        }, 
        "run_3": {
            "accuracy": 0.3408350480109739, 
            "learning_time": 1316581.5083007812
        }, 
        "run_4": {
            "accuracy": 0.3431784407864655, 
            "learning_time": 1327594.7749023438
        }, 
        "run_5": {
            "accuracy": 0.34043495656149975, 
            "learning_time": 1293848.6162109375
        }
    }
}