{
    "average_learning_time": 8848.109804907226, 
    "average_test_LL": -15808.736742360168,
    "folds": {
        "fold_1": {
            "learning_time": 8567925.33984375, 
            "test_LL": -22957.117015089578
        }, 
        "fold_10": {
            "learning_time": 9149847.107910156, 
            "test_LL": -16391.294528039667
        }, 
        "fold_2": {
            "learning_time": 8859565.600341797, 
            "test_LL": -29883.701139583056
        }, 
        "fold_3": {
            "learning_time": 8878454.69506836, 
            "test_LL": -23489.07835885319
        }, 
        "fold_4": {
            "learning_time": 8581459.099853516, 
            "test_LL": -15578.747311712212
        }, 
        "fold_5": {
            "learning_time": 8812029.128173828, 
            "test_LL": -10310.293776986084
        }, 
        "fold_6": {
            "learning_time": 8634351.83984375, 
            "test_LL": -6463.643593121591
        }, 
        "fold_7": {
            "learning_time": 8493669.744140625, 
            "test_LL": -9089.829924491094
        }, 
        "fold_8": {
            "learning_time": 9619946.13305664, 
            "test_LL": -9069.51692930043
        }, 
        "fold_9": {
            "learning_time": 8883849.360839844, 
            "test_LL": -14854.144846424768
        }
    }
}