{
    "average_accuracy": 0.8400286726524293, 
    "average_error": 0.24690294298828244, 
    "average_learning_time": 480.00808525390624, 
    "average_nrmse": 0.2495372343713343, 
    "runs": {
        "run_1": {
            "accuracy": 0.9072164948453608, 
            "average_error": 0.24920768326276926, 
            "learning_time": 481381.3171386719, 
            "nrmse": 0.2539478098721065
        }, 
        "run_2": {
            "accuracy": 0.8349514563106796, 
            "average_error": 0.24675306694014765, 
            "learning_time": 488024.1008300781, 
            "nrmse": 0.24922896158411212
        }, 
        "run_3": {
            "accuracy": 0.8602150537634409, 
            "average_error": 0.25014467539598806, 
            "learning_time": 427822.9020996094, 
            "nrmse": 0.2534889096129404
        }, 
        "run_4": {
            "accuracy": 0.7872340425531915, 
            "average_error": 0.2486230907046536, 
            "learning_time": 534772.3000488281, 
            "nrmse": 0.24970967050034587
        }, 
        "run_5": {
            "accuracy": 0.8105263157894737, 
            "average_error": 0.23978619863785364, 
            "learning_time": 468039.80615234375, 
            "nrmse": 0.24131082028716658
        }
    }
}