{
    "average_accuracy": 0.7768153693211588, 
    "average_error": 0.25162018499485717, 
    "average_learning_time": 350.7169279785156, 
    "average_nrmse": 0.25248186845897885, 
    "runs": {
        "run_1": {
            "accuracy": 0.8103448275862069, 
            "average_error": 0.253805336945093, 
            "learning_time": 357864.04296875, 
            "nrmse": 0.2557492813248293
        }, 
        "run_2": {
            "accuracy": 0.847953216374269, 
            "average_error": 0.24632754605656726, 
            "learning_time": 326121.8952636719, 
            "nrmse": 0.24918453885750166
        }, 
        "run_3": {
            "accuracy": 0.7625, 
            "average_error": 0.25473652912526407, 
            "learning_time": 346268.7087402344, 
            "nrmse": 0.255258848189666
        }, 
        "run_4": {
            "accuracy": 0.757396449704142, 
            "average_error": 0.25589559288660935, 
            "learning_time": 358451.72998046875, 
            "nrmse": 0.25629838205602606
        }, 
        "run_5": {
            "accuracy": 0.7058823529411765, 
            "average_error": 0.2473359199607522, 
            "learning_time": 364878.2629394531, 
            "nrmse": 0.2459182918668712
        }
    }
}