{
    "average_accuracy": 0.89648460715952, 
    "average_error": 0.24338937684084505, 
    "average_learning_time": 520.4807611328125, 
    "average_nrmse": 0.2476279824166137, 
    "runs": {
        "run_1": {
            "accuracy": 0.9041095890410958, 
            "average_error": 0.24430173584544754, 
            "learning_time": 553784.3488769531, 
            "nrmse": 0.2487990487207973
        }, 
        "run_2": {
            "accuracy": 0.9193548387096774, 
            "average_error": 0.24336032775701585, 
            "learning_time": 511341.5520019531, 
            "nrmse": 0.2482910903772187
        }, 
        "run_3": {
            "accuracy": 0.8235294117647058, 
            "average_error": 0.25161283614643265, 
            "learning_time": 498891.423828125, 
            "nrmse": 0.2538898739619217
        }, 
        "run_4": {
            "accuracy": 0.9032258064516129, 
            "average_error": 0.24211252060524013, 
            "learning_time": 532954.7309570312, 
            "nrmse": 0.24651671233423567
        }, 
        "run_5": {
            "accuracy": 0.9322033898305084, 
            "average_error": 0.23555946385008913, 
            "learning_time": 505431.75, 
            "nrmse": 0.24064318668889514
        }
    }
}