{
    "average_accuracy": 0.8186600720407539, 
    "average_error": 0.246953232203021, 
    "average_learning_time": 404.74396899414063, 
    "average_nrmse": 0.24894151414980206, 
    "runs": {
        "run_1": {
            "accuracy": 0.8222222222222222, 
            "average_error": 0.2535403062048146, 
            "learning_time": 397962.69580078125, 
            "nrmse": 0.2558361403995733
        }, 
        "run_2": {
            "accuracy": 0.7421875, 
            "average_error": 0.254127954867571, 
            "learning_time": 404182.6340332031, 
            "nrmse": 0.25401630198477015
        }, 
        "run_3": {
            "accuracy": 0.8347107438016529, 
            "average_error": 0.24947089759902136, 
            "learning_time": 379458.6901855469, 
            "nrmse": 0.2520218564293448
        }, 
        "run_4": {
            "accuracy": 0.837037037037037, 
            "average_error": 0.24256631573357423, 
            "learning_time": 424795.98193359375, 
            "nrmse": 0.2449785385448049
        }, 
        "run_5": {
            "accuracy": 0.8571428571428571, 
            "average_error": 0.23506068661012383, 
            "learning_time": 417319.8430175781, 
            "nrmse": 0.2378547333905172
        }
    }
}