{
    "average_accuracy": 0.9094847556916523, 
    "average_error": 0.23140157707519654, 
    "average_learning_time": 597.833817578125, 
    "average_nrmse": 0.23567085988631317, 
    "runs": {
        "run_1": {
            "accuracy": 0.9, 
            "average_error": 0.2406244978966874, 
            "learning_time": 538931.5109863281, 
            "nrmse": 0.24488584631779917
        }, 
        "run_2": {
            "accuracy": 0.8275862068965517, 
            "average_error": 0.23212566720562117, 
            "learning_time": 578509.4709472656, 
            "nrmse": 0.23393511793599006
        }, 
        "run_3": {
            "accuracy": 0.9428571428571428, 
            "average_error": 0.23002257718240401, 
            "learning_time": 613722.5720214844, 
            "nrmse": 0.2352613565775418
        }, 
        "run_4": {
            "accuracy": 0.9459459459459459, 
            "average_error": 0.2293002296979889, 
            "learning_time": 653161.8349609375, 
            "nrmse": 0.23461071986901724
        }, 
        "run_5": {
            "accuracy": 0.9310344827586207, 
            "average_error": 0.22493491339328114, 
            "learning_time": 604843.6989746094, 
            "nrmse": 0.22966125873121757
        }
    }
}