{
    "average_learning_time": 36.932251416015625, 
    "avg_accuracy": 0.687766990291262, 
    "runs": {
        "run_1": {
            "accuracy": 0.6766990291262136, 
            "learning_time": 38479.882080078125
        }, 
        "run_2": {
            "accuracy": 0.683495145631068, 
            "learning_time": 37550.708984375
        }, 
        "run_3": {
            "accuracy": 0.6864077669902913, 
            "learning_time": 33883.968017578125
        }, 
        "run_4": {
            "accuracy": 0.7106796116504854, 
            "learning_time": 36665.345947265625
        }, 
        "run_5": {
            "accuracy": 0.6815533980582524, 
            "learning_time": 38081.35205078125
        }
    }
}