{
    "average_learning_time": 20.76719287109375, 
    "avg_accuracy": 0.792621359223301, 
    "runs": {
        "run_1": {
            "accuracy": 0.7844660194174757, 
            "learning_time": 22115.04833984375
        }, 
        "run_2": {
            "accuracy": 0.8155339805825242, 
            "learning_time": 22522.294189453125
        }, 
        "run_3": {
            "accuracy": 0.829126213592233, 
            "learning_time": 22381.843994140625
        }, 
        "run_4": {
            "accuracy": 0.7553398058252427, 
            "learning_time": 17984.784912109375
        }, 
        "run_5": {
            "accuracy": 0.7786407766990291, 
            "learning_time": 18831.992919921875
        }
    }
}