{
    "average_learning_time": 25.613434326171873, 
    "avg_accuracy": 0.8046783625730993, 
    "runs": {
        "run_1": {
            "accuracy": 0.7777777777777778, 
            "learning_time": 27606.447998046875
        }, 
        "run_2": {
            "accuracy": 0.7777777777777778, 
            "learning_time": 29819.0791015625
        }, 
        "run_3": {
            "accuracy": 0.8070175438596491, 
            "learning_time": 21484.796142578125
        }, 
        "run_4": {
            "accuracy": 0.8421052631578947, 
            "learning_time": 24457.9580078125
        }, 
        "run_5": {
            "accuracy": 0.8187134502923976, 
            "learning_time": 24698.890380859375
        }
    }
}