{
    "average_learning_time": 1160.0478211181642, 
    "average_test_ll": -16505.012580281338, 
    "folds": {
        "fold_1": {
            "learning_time": 1323303.6831054688, 
            "test_ll": -15990.762691248512
        }, 
        "fold_10": {
            "learning_time": 1061635.2670898438, 
            "test_ll": -16602.54268382233
        }, 
        "fold_2": {
            "learning_time": 1156017.4890136719, 
            "test_ll": -14992.03778969372
        }, 
        "fold_3": {
            "learning_time": 1143696.2941894531, 
            "test_ll": -14301.748606210407
        }, 
        "fold_4": {
            "learning_time": 1186528.16796875, 
            "test_ll": -15672.574687035287
        }, 
        "fold_5": {
            "learning_time": 1182942.5090332031, 
            "test_ll": -14829.793078259823
        }, 
        "fold_6": {
            "learning_time": 1143529.9619140625, 
            "test_ll": -23490.607773402524
        }, 
        "fold_7": {
            "learning_time": 1150860.1767578125, 
            "test_ll": -16031.99275762772
        }, 
        "fold_8": {
            "learning_time": 1146714.5732421875, 
            "test_ll": -17171.67623606433
        }, 
        "fold_9": {
            "learning_time": 1105250.0888671875, 
            "test_ll": -15966.389499448696
        }
    }
}