{
    "average_learning_time": 8.558602416992187, 
    "average_test_ll": -95.85361164690597, 
    "folds": {
        "fold_1": {
            "learning_time": 8988.522216796875, 
            "test_ll": -8.942709574670872
        }, 
        "fold_10": {
            "learning_time": 8393.2822265625, 
            "test_ll": -9.514729124435858
        }, 
        "fold_2": {
            "learning_time": 8606.900146484375, 
            "test_ll": -10.180279786932033
        }, 
        "fold_3": {
            "learning_time": 8529.168701171875, 
            "test_ll": -10.5197359178376
        }, 
        "fold_4": {
            "learning_time": 8498.080078125, 
            "test_ll": -8.994110485343889
        }, 
        "fold_5": {
            "learning_time": 8484.290771484375, 
            "test_ll": -247.42097380149238
        }, 
        "fold_6": {
            "learning_time": 8519.255859375, 
            "test_ll": -169.0732995838627
        }, 
        "fold_7": {
            "learning_time": 8498.16015625, 
            "test_ll": -5.369009712187397
        }, 
        "fold_8": {
            "learning_time": 8544.951904296875, 
            "test_ll": -482.3088612812428
        }, 
        "fold_9": {
            "learning_time": 8523.412109375, 
            "test_ll": -6.212407201054241
        }
    }
}