{
    "average_learning_time": 8.568001684570312, 
    "average_test_ll": -93.67704249813224, 
    "folds": {
        "fold_1": {
            "learning_time": 8757.613037109375, 
            "test_ll": -10.221803311816515
        }, 
        "fold_10": {
            "learning_time": 8329.10205078125, 
            "test_ll": -9.137419992157426
        }, 
        "fold_2": {
            "learning_time": 8507.201904296875, 
            "test_ll": -10.091147707091451
        }, 
        "fold_3": {
            "learning_time": 8562.56787109375, 
            "test_ll": -11.864676395795685
        }, 
        "fold_4": {
            "learning_time": 8742.864990234375, 
            "test_ll": -9.45095762113764
        }, 
        "fold_5": {
            "learning_time": 8597.789794921875, 
            "test_ll": -260.52177350707177
        }, 
        "fold_6": {
            "learning_time": 8706.927978515625, 
            "test_ll": -185.69383293982082
        }, 
        "fold_7": {
            "learning_time": 8523.3759765625, 
            "test_ll": -7.341625975095217
        }, 
        "fold_8": {
            "learning_time": 8451.377197265625, 
            "test_ll": -424.81140028712696
        }, 
        "fold_9": {
            "learning_time": 8501.196044921875, 
            "test_ll": -7.635787244208945
        }
    }
}