{
    "average_learning_time": 16.399462548828122, 
    "average_nrmse": 0.10258175486336948, 
    "runs": {
        "run_1": {
            "learning_time": 19187.789794921875, 
            "nrmse": 0.10213286538373152
        }, 
        "run_2": {
            "learning_time": 17035.531982421875, 
            "nrmse": 0.09985568987598788
        }, 
        "run_3": {
            "learning_time": 15191.509033203125, 
            "nrmse": 0.1021708216486146
        }, 
        "run_4": {
            "learning_time": 15899.531982421875, 
            "nrmse": 0.10592797233538384
        }, 
        "run_5": {
            "learning_time": 14682.949951171875, 
            "nrmse": 0.10282142507312964
        }
    }
}