{
    "average_learning_time": 15.642359667968751, 
    "average_nrmse": 0.11700797370101441, 
    "runs": {
        "run_1": {
            "learning_time": 18550.505126953125, 
            "nrmse": 0.116846461232881
        }, 
        "run_2": {
            "learning_time": 15345.618896484375, 
            "nrmse": 0.11374781043453537
        }, 
        "run_3": {
            "learning_time": 14358.052001953125, 
            "nrmse": 0.11121260812334013
        }, 
        "run_4": {
            "learning_time": 15175.75732421875, 
            "nrmse": 0.125413490204832
        }, 
        "run_5": {
            "learning_time": 14781.864990234375, 
            "nrmse": 0.11781949850948352
        }
    }
}