{
    "average_learning_time": 15.273652880859375, 
    "average_nrmse": 0.11088362428558955, 
    "runs": {
        "run_1": {
            "learning_time": 18200.14501953125, 
            "nrmse": 0.11873672894969327
        }, 
        "run_2": {
            "learning_time": 14988.167236328125, 
            "nrmse": 0.10849980517536621
        }, 
        "run_3": {
            "learning_time": 14703.47998046875, 
            "nrmse": 0.11106453253944477
        }, 
        "run_4": {
            "learning_time": 14158.947021484375, 
            "nrmse": 0.11007509915931142
        }, 
        "run_5": {
            "learning_time": 14317.525146484375, 
            "nrmse": 0.10604195560413206
        }
    }
}