{
    "average_learning_time": 17.847302197265623, 
    "average_nrmse": 0.08706417329797313, 
    "runs": {
        "run_1": {
            "learning_time": 16931.718994140625, 
            "nrmse": 0.08111980916847272
        }, 
        "run_2": {
            "learning_time": 17848.006103515625, 
            "nrmse": 0.09168547688342023
        }, 
        "run_3": {
            "learning_time": 18292.535888671875, 
            "nrmse": 0.09679906865146638
        }, 
        "run_4": {
            "learning_time": 18408.0849609375, 
            "nrmse": 0.08561071542998852
        }, 
        "run_5": {
            "learning_time": 17756.1650390625, 
            "nrmse": 0.08010579635651775
        }
    }
}