{
    "average_learning_time": 17.1711736328125, 
    "average_nrmse": 0.09762597506212306, 
    "runs": {
        "run_1": {
            "learning_time": 21199.555908203125, 
            "nrmse": 0.10454325762440524
        }, 
        "run_2": {
            "learning_time": 18400.888916015625, 
            "nrmse": 0.09730121815519407
        }, 
        "run_3": {
            "learning_time": 15900.99609375, 
            "nrmse": 0.09102335281409475
        }, 
        "run_4": {
            "learning_time": 14929.322021484375, 
            "nrmse": 0.09791422431557043
        }, 
        "run_5": {
            "learning_time": 15425.105224609375, 
            "nrmse": 0.09734782240135081
        }
    }
}