{
    "average_learning_time": 20.75709140625, 
    "average_test_ll": -528.7056707453074, 
    "folds": {
        "fold_1": {
            "learning_time": 22908.19189453125, 
            "test_ll": -380.37597106920003
        }, 
        "fold_10": {
            "learning_time": 20163.9736328125, 
            "test_ll": -680.9816603267845
        }, 
        "fold_2": {
            "learning_time": 20336.85107421875, 
            "test_ll": -418.77857226068306
        }, 
        "fold_3": {
            "learning_time": 20784.5888671875, 
            "test_ll": -423.921866791062
        }, 
        "fold_4": {
            "learning_time": 20529.759765625, 
            "test_ll": -440.69227724955937
        }, 
        "fold_5": {
            "learning_time": 21081.15478515625, 
            "test_ll": -405.6437891020676
        }, 
        "fold_6": {
            "learning_time": 20655.07421875, 
            "test_ll": -368.3033254661684
        }, 
        "fold_7": {
            "learning_time": 20145.124755859375, 
            "test_ll": -499.1283269822069
        }, 
        "fold_8": {
            "learning_time": 20386.304931640625, 
            "test_ll": -1013.7466316610232
        }, 
        "fold_9": {
            "learning_time": 20579.89013671875, 
            "test_ll": -655.484286544319
        }
    }
}