{
    "average_learning_time": 11.371377978515627, 
    "average_test_ll": -1483.4717936720217, 
    "folds": {
        "fold_1": {
            "learning_time": 10241.560791015625, 
            "test_ll": -1608.5923729990175
        }, 
        "fold_10": {
            "learning_time": 10757.843017578125, 
            "test_ll": -1537.6783271894976
        }, 
        "fold_2": {
            "learning_time": 11446.668212890625, 
            "test_ll": -1424.8847979898396
        }, 
        "fold_3": {
            "learning_time": 11561.5419921875, 
            "test_ll": -1065.9674497257593
        }, 
        "fold_4": {
            "learning_time": 13445.739013671875, 
            "test_ll": -2396.706188510827
        }, 
        "fold_5": {
            "learning_time": 11322.148681640625, 
            "test_ll": -1770.8751117516013
        }, 
        "fold_6": {
            "learning_time": 11283.6298828125, 
            "test_ll": -1385.5525949000892
        }, 
        "fold_7": {
            "learning_time": 11226.11083984375, 
            "test_ll": -1220.6867997659429
        }, 
        "fold_8": {
            "learning_time": 11239.7421875, 
            "test_ll": -1165.023708985319
        }, 
        "fold_9": {
            "learning_time": 11188.795166015625, 
            "test_ll": -1258.750584902322
        }
    }
}