{
    "average_learning_time": 8.633892431640625, 
    "avg_accuracy": 0.36800000000000005, 
    "runs": {
        "run_1": {
            "accuracy": 0.35, 
            "learning_time": 9302.929931640625
        }, 
        "run_2": {
            "accuracy": 0.36, 
            "learning_time": 8077.044921875
        }, 
        "run_3": {
            "accuracy": 0.39, 
            "learning_time": 8916.01220703125
        }, 
        "run_4": {
            "accuracy": 0.39, 
            "learning_time": 8314.032958984375
        }, 
        "run_5": {
            "accuracy": 0.35, 
            "learning_time": 8559.442138671875
        }
    }
}