{
    "average_learning_time": 11.954507275390624, 
    "avg_accuracy": 0.3430000000000001, 
    "runs": {
        "run_1": {
            "accuracy": 0.29333333333333333, 
            "learning_time": 12132.212890625
        }, 
        "run_2": {
            "accuracy": 0.35333333333333333, 
            "learning_time": 12238.092041015625
        }, 
        "run_3": {
            "accuracy": 0.3283333333333333, 
            "learning_time": 12145.319091796875
        }, 
        "run_4": {
            "accuracy": 0.35, 
            "learning_time": 12119.1181640625
        }, 
        "run_5": {
            "accuracy": 0.39, 
            "learning_time": 11137.794189453125
        }
    }
}