{
    "average_learning_time": 9.407620751953125, 
    "avg_accuracy": 0.3585, 
    "runs": {
        "run_1": {
            "accuracy": 0.3275, 
            "learning_time": 10405.0869140625
        }, 
        "run_2": {
            "accuracy": 0.345, 
            "learning_time": 8807.750244140625
        }, 
        "run_3": {
            "accuracy": 0.365, 
            "learning_time": 8938.897705078125
        }, 
        "run_4": {
            "accuracy": 0.365, 
            "learning_time": 8417.044921875
        }, 
        "run_5": {
            "accuracy": 0.39, 
            "learning_time": 10469.323974609375
        }
    }
}