{
    "average_accuracy": 0.7919901824867022, 
    "average_error": 0.09248634191639662, 
    "average_learning_time": 3680.1315836425783, 
    "average_nrmse": 0.08959825502647407, 
    "runs": {
        "run_1": {
            "accuracy": 0.803921568627451, 
            "average_error": 0.09165115806115244, 
            "learning_time": 3207348.0610351562, 
            "nrmse": 0.08904047622836751
        }, 
        "run_2": {
            "accuracy": 0.7706422018348624, 
            "average_error": 0.09288420513229195, 
            "learning_time": 3357141.6520996094, 
            "nrmse": 0.0894723653064708
        }, 
        "run_3": {
            "accuracy": 0.8, 
            "average_error": 0.09356588208219101, 
            "learning_time": 4046665.9169921875, 
            "nrmse": 0.09090502913424578
        }, 
        "run_4": {
            "accuracy": 0.7782805429864253, 
            "average_error": 0.09413721383824901, 
            "learning_time": 3899993.612060547, 
            "nrmse": 0.09094765775886586
        }, 
        "run_5": {
            "accuracy": 0.8071065989847716, 
            "average_error": 0.09019325046809869, 
            "learning_time": 3889508.6760253906, 
            "nrmse": 0.08762574670442044
        }
    }
}