{
    "average_accuracy": 0.8164237547506138, 
    "average_error": 0.08425686339061225, 
    "average_learning_time": 3663.1820708007813, 
    "average_nrmse": 0.08177387884414292, 
    "runs": {
        "run_1": {
            "accuracy": 0.8541666666666666, 
            "average_error": 0.07887212419336767, 
            "learning_time": 4884221.146240234, 
            "nrmse": 0.07719809396486853
        }, 
        "run_2": {
            "accuracy": 0.775, 
            "average_error": 0.0847721930806484, 
            "learning_time": 3444134.0087890625, 
            "nrmse": 0.08126649790766462
        }, 
        "run_3": {
            "accuracy": 0.7735849056603774, 
            "average_error": 0.08642271131991354, 
            "learning_time": 3433900.923095703, 
            "nrmse": 0.08292290174442082
        }, 
        "run_4": {
            "accuracy": 0.8725490196078431, 
            "average_error": 0.08662271444988077, 
            "learning_time": 3342607.9360351562, 
            "nrmse": 0.08560200780132388
        }, 
        "run_5": {
            "accuracy": 0.8068181818181818, 
            "average_error": 0.08459457390925083, 
            "learning_time": 3211046.33984375, 
            "nrmse": 0.08187989280243665
        }
    }
}