{
    "average_accuracy": 0.7801931375138835, 
    "average_error": 0.1112965278931285, 
    "average_learning_time": 3404.2473541992185, 
    "average_nrmse": 0.1085837695283038, 
    "runs": {
        "run_1": {
            "accuracy": 0.7795275590551181, 
            "average_error": 0.10850957811441897, 
            "learning_time": 3410173.4099121094, 
            "nrmse": 0.1057105065436574
        }, 
        "run_2": {
            "accuracy": 0.764378478664193, 
            "average_error": 0.1108219977063151, 
            "learning_time": 3396617.2810058594, 
            "nrmse": 0.10770200961557778
        }, 
        "run_3": {
            "accuracy": 0.7784431137724551, 
            "average_error": 0.1150776627704712, 
            "learning_time": 3426227.0561523438, 
            "nrmse": 0.11241568218404434
        }, 
        "run_4": {
            "accuracy": 0.7794117647058824, 
            "average_error": 0.11184219856836262, 
            "learning_time": 3386477.4169921875, 
            "nrmse": 0.10912354765021874
        }, 
        "run_5": {
            "accuracy": 0.7992047713717694, 
            "average_error": 0.11023120230607458, 
            "learning_time": 3401741.6069335938, 
            "nrmse": 0.10796710164802067
        }
    }
}