{
    "average_accuracy": 0.7790904387592739, 
    "average_error": 0.10378133115959624, 
    "average_learning_time": 3514.725597949219, 
    "average_nrmse": 0.100853125407568, 
    "runs": {
        "run_1": {
            "accuracy": 0.7901234567901234, 
            "average_error": 0.10136871776032111, 
            "learning_time": 3682071.4321289062, 
            "nrmse": 0.09865602212408223
        }, 
        "run_2": {
            "accuracy": 0.7582159624413145, 
            "average_error": 0.10252095640277507, 
            "learning_time": 3681297.6408691406, 
            "nrmse": 0.09903937937387731
        }, 
        "run_3": {
            "accuracy": 0.7807228915662651, 
            "average_error": 0.10519884696608428, 
            "learning_time": 3412349.3676757812, 
            "nrmse": 0.10234689042939302
        }, 
        "run_4": {
            "accuracy": 0.7852193995381063, 
            "average_error": 0.10709653132730478, 
            "learning_time": 3409246.3669433594, 
            "nrmse": 0.10440442959894006
        }, 
        "run_5": {
            "accuracy": 0.7811704834605598, 
            "average_error": 0.10272160334149602, 
            "learning_time": 3388663.1821289062, 
            "nrmse": 0.0998189055115474
        }
    }
}