{
    "average_accuracy": 0.7845348080841575, 
    "average_error": 0.09909068106566435, 
    "average_learning_time": 3679.1001638183593, 
    "average_nrmse": 0.0961813182944099, 
    "runs": {
        "run_1": {
            "accuracy": 0.8101694915254237, 
            "average_error": 0.09625517583804098, 
            "learning_time": 3701638.344970703, 
            "nrmse": 0.09391579252212759
        }, 
        "run_2": {
            "accuracy": 0.7864077669902912, 
            "average_error": 0.09737533723370545, 
            "learning_time": 3663579.9350585938, 
            "nrmse": 0.09446991483930536
        }, 
        "run_3": {
            "accuracy": 0.7756410256410257, 
            "average_error": 0.09781624936703534, 
            "learning_time": 3677263.1689453125, 
            "nrmse": 0.09465268124223687
        }, 
        "run_4": {
            "accuracy": 0.7347560975609756, 
            "average_error": 0.10205949633036084, 
            "learning_time": 3665196.567138672, 
            "nrmse": 0.09797988617764423
        }, 
        "run_5": {
            "accuracy": 0.8156996587030717, 
            "average_error": 0.10194714655917918, 
            "learning_time": 3687822.8029785156, 
            "nrmse": 0.09988831669073546
        }
    }
}