{
    "average_learning_time": 0.2464095458984375, 
    "average_test_LL": -328.55176358541405,
    "folds": {
        "fold_1": {
            "learning_time": 298.814208984375, 
            "test_LL": -327.16546922429416
        }, 
        "fold_10": {
            "learning_time": 278.458251953125, 
            "test_LL": -341.0284128354931
        }, 
        "fold_2": {
            "learning_time": 239.863037109375, 
            "test_LL": -327.16546922429416
        }, 
        "fold_3": {
            "learning_time": 159.13671875, 
            "test_LL": -327.16546922429416
        }, 
        "fold_4": {
            "learning_time": 267.008056640625, 
            "test_LL": -327.16546922429416
        }, 
        "fold_5": {
            "learning_time": 167.462890625, 
            "test_LL": -327.16546922429416
        }, 
        "fold_6": {
            "learning_time": 320.821044921875, 
            "test_LL": -327.16546922429416
        }, 
        "fold_7": {
            "learning_time": 219.51025390625, 
            "test_LL": -327.16546922429416
        }, 
        "fold_8": {
            "learning_time": 250.9609375, 
            "test_LL": -327.16546922429416
        }, 
        "fold_9": {
            "learning_time": 262.06005859375, 
            "test_LL": -327.16546922429416
        }
    }
}