{
    "average_learning_time": 24.441908984375, 
    "average_test_ll": -410.62227070245865, 
    "folds": {
        "fold_1": {
            "learning_time": 25367.778076171875, 
            "test_ll": -401.63655395604735
        }, 
        "fold_10": {
            "learning_time": 24553.378173828125, 
            "test_ll": -463.22673206629946
        }, 
        "fold_2": {
            "learning_time": 23652.756103515625, 
            "test_ll": -375.6609412089572
        }, 
        "fold_3": {
            "learning_time": 24170.807861328125, 
            "test_ll": -391.8288816183375
        }, 
        "fold_4": {
            "learning_time": 23949.3583984375, 
            "test_ll": -428.78018501926607
        }, 
        "fold_5": {
            "learning_time": 23829.131103515625, 
            "test_ll": -407.1180923897117
        }, 
        "fold_6": {
            "learning_time": 23557.955078125, 
            "test_ll": -405.53937056678814
        }, 
        "fold_7": {
            "learning_time": 24992.994873046875, 
            "test_ll": -430.31955975672315
        }, 
        "fold_8": {
            "learning_time": 25106.93017578125, 
            "test_ll": -411.9319559761408
        }, 
        "fold_9": {
            "learning_time": 25238.0, 
            "test_ll": -390.1804344663149
        }
    }
}