{
    "average_learning_time": 35.11940017089844, 
    "average_test_LL": -1192.5126087138192,
    "folds": {
        "fold_1": {
            "learning_time": 23205.7451171875, 
            "test_LL": -864.9922517641488
        }, 
        "fold_10": {
            "learning_time": 35033.320068359375, 
            "test_LL": -827.7272189766984
        }, 
        "fold_2": {
            "learning_time": 24013.625732421875, 
            "test_LL": -870.5710939756852
        }, 
        "fold_3": {
            "learning_time": 32869.94580078125, 
            "test_LL": -1230.5481840881998
        }, 
        "fold_4": {
            "learning_time": 35062.15185546875, 
            "test_LL": -2217.09679020394
        }, 
        "fold_5": {
            "learning_time": 36120.48828125, 
            "test_LL": -1366.2965578294798
        }, 
        "fold_6": {
            "learning_time": 43817.057861328125, 
            "test_LL": -1488.3903950636604
        }, 
        "fold_7": {
            "learning_time": 39972.56005859375, 
            "test_LL": -1359.398167160207
        }, 
        "fold_8": {
            "learning_time": 39175.345947265625, 
            "test_LL": -820.8473102204143
        }, 
        "fold_9": {
            "learning_time": 41923.760986328125, 
            "test_LL": -879.2581178557598
        }
    }
}