{
    "average_learning_time": 38.251441015625, 
    "average_nrmse": 0.17941909116838617, 
    "runs": {
        "run_1": {
            "learning_time": 38927.63916015625, 
            "nrmse": 0.1873147128884811
        }, 
        "run_2": {
            "learning_time": 33123.64892578125, 
            "nrmse": 0.1752692397476898
        }, 
        "run_3": {
            "learning_time": 33273.864990234375, 
            "nrmse": 0.17582687413986473
        }, 
        "run_4": {
            "learning_time": 46632.82080078125, 
            "nrmse": 0.18328723157804883
        }, 
        "run_5": {
            "learning_time": 39299.231201171875, 
            "nrmse": 0.1753973974878464
        }
    }
}