{
    "average_learning_time": 45.070863916015625, 
    "average_nrmse": 0.16535731071190723, 
    "runs": {
        "run_1": {
            "learning_time": 53519.558837890625, 
            "nrmse": 0.16190798310744772
        }, 
        "run_2": {
            "learning_time": 42357.989990234375, 
            "nrmse": 0.16387469644416014
        }, 
        "run_3": {
            "learning_time": 43819.7890625, 
            "nrmse": 0.16062049360057035
        }, 
        "run_4": {
            "learning_time": 43777.618896484375, 
            "nrmse": 0.16199604628831865
        }, 
        "run_5": {
            "learning_time": 41879.36279296875, 
            "nrmse": 0.17838733411903945
        }
    }
}