{
    "average_learning_time": 49.58102319335938, 
    "average_nrmse": 0.16549803336091976, 
    "runs": {
        "run_1": {
            "learning_time": 52700.408935546875, 
            "nrmse": 0.16366452866201764
        }, 
        "run_2": {
            "learning_time": 45184.385009765625, 
            "nrmse": 0.16163990157303296
        }, 
        "run_3": {
            "learning_time": 50522.190185546875, 
            "nrmse": 0.1751744589164807
        }, 
        "run_4": {
            "learning_time": 52495.594970703125, 
            "nrmse": 0.15556114455564704
        }, 
        "run_5": {
            "learning_time": 47002.536865234375, 
            "nrmse": 0.17145013309742044
        }
    }
}