{
    "average_learning_time": 52.982555029296876, 
    "average_nrmse": 0.15639103213161806, 
    "runs": {
        "run_1": {
            "learning_time": 56733.6630859375, 
            "nrmse": 0.1633429210724053
        }, 
        "run_2": {
            "learning_time": 51840.744140625, 
            "nrmse": 0.16608022160614547
        }, 
        "run_3": {
            "learning_time": 50487.824951171875, 
            "nrmse": 0.1371206323870369
        }, 
        "run_4": {
            "learning_time": 55181.6689453125, 
            "nrmse": 0.15787938803002285
        }, 
        "run_5": {
            "learning_time": 50668.8740234375, 
            "nrmse": 0.15753199756247988
        }
    }
}