{
    "average_learning_time": 38.4142119140625, 
    "average_nrmse": 0.17245237945203676, 
    "runs": {
        "run_1": {
            "learning_time": 41112.73876953125, 
            "nrmse": 0.1723927021499387
        }, 
        "run_2": {
            "learning_time": 34558.659912109375, 
            "nrmse": 0.1764241006205601
        }, 
        "run_3": {
            "learning_time": 35862.40283203125, 
            "nrmse": 0.1667151874026405
        }, 
        "run_4": {
            "learning_time": 46224.559814453125, 
            "nrmse": 0.17047038777078932
        }, 
        "run_5": {
            "learning_time": 34312.6982421875, 
            "nrmse": 0.17625951931625514
        }
    }
}