{
    "average_learning_time": 125.4740339111328, 
    "average_test_LL": -1433.0956209902884,
    "folds": {
        "fold_1": {
            "learning_time": 138451.02783203125, 
            "test_LL": -1443.6472128469695
        }, 
        "fold_10": {
            "learning_time": 122916.05810546875, 
            "test_LL": -1657.0004066505194
        }, 
        "fold_2": {
            "learning_time": 122493.36010742188, 
            "test_LL": -1645.025743563465
        }, 
        "fold_3": {
            "learning_time": 123859.35107421875, 
            "test_LL": -1573.417326177442
        }, 
        "fold_4": {
            "learning_time": 124383.03979492188, 
            "test_LL": -1414.4999044061824
        }, 
        "fold_5": {
            "learning_time": 124842.36108398438, 
            "test_LL": -1299.8440504373152
        }, 
        "fold_6": {
            "learning_time": 123933.01098632812, 
            "test_LL": -1306.135675656661
        }, 
        "fold_7": {
            "learning_time": 124039.5400390625, 
            "test_LL": -1381.47102685033
        }, 
        "fold_8": {
            "learning_time": 125238.10595703125, 
            "test_LL": -1376.8521288531429
        }, 
        "fold_9": {
            "learning_time": 124584.48413085938, 
            "test_LL": -1233.0627344608574
        }
    }
}