{
    "average_learning_time": 7465.806931298828, 
    "average_test_LL": -29926.396735467028, 
    "folds": {
        "fold_1": {
            "learning_time": 6419429.8310546875, 
            "test_LL": -29946.0018831544
        }, 
        "fold_10": {
            "learning_time": 6725018.69921875, 
            "test_LL": -31733.67401959608
        }, 
        "fold_2": {
            "learning_time": 6677114.445068359, 
            "test_LL": -29407.854688704396
        }, 
        "fold_3": {
            "learning_time": 6811169.22265625, 
            "test_LL": -30967.945771518585
        }, 
        "fold_4": {
            "learning_time": 6187653.629150391, 
            "test_LL": -27933.052480287108
        }, 
        "fold_5": {
            "learning_time": 17577774.9140625, 
            "test_LL": -29157.921123842723
        }, 
        "fold_6": {
            "learning_time": 6103261.639892578, 
            "test_LL": -30131.26456787175
        }, 
        "fold_7": {
            "learning_time": 6418104.403808594, 
            "test_LL": -29498.985087963636
        }, 
        "fold_8": {
            "learning_time": 6314867.5791015625, 
            "test_LL": -29749.599359419215
        }, 
        "fold_9": {
            "learning_time": 5423674.948974609, 
            "test_LL": -30737.668372312386
        }
    }
}