{
    "average_learning_time": 13351.805930322265, 
    "avg_accuracy": 0.9594803595616304, 
    "runs": {
        "run_1": {
            "accuracy": 0.9592804662808357, 
            "learning_time": 13407122.332763672
        }, 
        "run_2": {
            "accuracy": 0.9596190945285884, 
            "learning_time": 13321560.024169922
        }, 
        "run_3": {
            "accuracy": 0.959376924024135, 
            "learning_time": 13295525.25366211
        }, 
        "run_4": {
            "accuracy": 0.9595205844928786, 
            "learning_time": 13277502.040283203
        }, 
        "run_5": {
            "accuracy": 0.9596047284817141, 
            "learning_time": 13457320.000732422
        }
    }
}