{
    "average_learning_time": 14435.29686459961, 
    "avg_accuracy": 0.9597869720477774, 
    "runs": {
        "run_1": {
            "accuracy": 0.9594261790419899, 
            "learning_time": 14527813.434082031
        }, 
        "run_2": {
            "accuracy": 0.9604174362763207, 
            "learning_time": 14671263.95703125
        }, 
        "run_3": {
            "accuracy": 0.9592661002339613, 
            "learning_time": 14338069.939697266
        }, 
        "run_4": {
            "accuracy": 0.9600664942741042, 
            "learning_time": 14397020.521972656
        }, 
        "run_5": {
            "accuracy": 0.9597586504125107, 
            "learning_time": 14242316.470214844
        }
    }
}