{
    "average_learning_time": 12840.346999218751, 
    "avg_accuracy": 0.9595744366457332, 
    "runs": {
        "run_1": {
            "accuracy": 0.9595148380741289, 
            "learning_time": 13176731.093261719
        }, 
        "run_2": {
            "accuracy": 0.9597709641669745, 
            "learning_time": 13142347.065917969
        }, 
        "run_3": {
            "accuracy": 0.9594187907893117, 
            "learning_time": 13148153.399902344
        }, 
        "run_4": {
            "accuracy": 0.959571481344662, 
            "learning_time": 12824581.983886719
        }, 
        "run_5": {
            "accuracy": 0.9595961088535895, 
            "learning_time": 11909921.453125
        }
    }
}