{
    "average_learning_time": 14231.481783251953, 
    "avg_accuracy": 0.9595930304149736, 
    "runs": {
        "run_1": {
            "accuracy": 0.9594785124984608, 
            "learning_time": 14226411.189208984
        }, 
        "run_2": {
            "accuracy": 0.9598571604482207, 
            "learning_time": 14287522.7421875
        }, 
        "run_3": {
            "accuracy": 0.9593892377785987, 
            "learning_time": 13719836.990966797
        }, 
        "run_4": {
            "accuracy": 0.9594969831301564, 
            "learning_time": 14352928.296875
        }, 
        "run_5": {
            "accuracy": 0.9597432582194311, 
            "learning_time": 14570709.697021484
        }
    }
}