{
    "average_learning_time": 13327.181717822265, 
    "avg_accuracy": 0.9595637852481221, 
    "runs": {
        "run_1": {
            "accuracy": 0.9594446496736855, 
            "learning_time": 13267385.20703125
        }, 
        "run_2": {
            "accuracy": 0.9597740426055904, 
            "learning_time": 13367327.675048828
        }, 
        "run_3": {
            "accuracy": 0.9594508065509174, 
            "learning_time": 13285735.34008789
        }, 
        "run_4": {
            "accuracy": 0.9594754340598448, 
            "learning_time": 13310822.5078125
        }, 
        "run_5": {
            "accuracy": 0.9596739933505726, 
            "learning_time": 13404637.85913086
        }
    }
}