{
    "average_learning_time": 16.557215112304686, 
    "average_test_ll": -292.2216242108884, 
    "folds": {
        "fold_1": {
            "learning_time": 17944.908935546875, 
            "test_ll": -329.96285979689935
        }, 
        "fold_10": {
            "learning_time": 14739.1328125, 
            "test_ll": -390.2848891854202
        }, 
        "fold_2": {
            "learning_time": 18838.132080078125, 
            "test_ll": -294.8635738867782
        }, 
        "fold_3": {
            "learning_time": 15102.603759765625, 
            "test_ll": -378.3881073427027
        }, 
        "fold_4": {
            "learning_time": 14873.943603515625, 
            "test_ll": -178.85002452898135
        }, 
        "fold_5": {
            "learning_time": 15569.0068359375, 
            "test_ll": -117.41879867687828
        }, 
        "fold_6": {
            "learning_time": 15430.22998046875, 
            "test_ll": -306.1271839252777
        }, 
        "fold_7": {
            "learning_time": 19391.435791015625, 
            "test_ll": -151.16160946507165
        }, 
        "fold_8": {
            "learning_time": 18481.274658203125, 
            "test_ll": -532.166964242203
        }, 
        "fold_9": {
            "learning_time": 15201.482666015625, 
            "test_ll": -242.99223105867185
        }
    }
}