{
    "average_learning_time": 2129.7652767089844, 
    "average_test_LL": -8586.134615723819, 
    "folds": {
        "fold_10": {
            "learning_time": 10542619.500976562, 
            "test_LL": -46976.75696105272
        }, 
        "fold_9": {
            "learning_time": 10755033.266113281, 
            "test_LL": -38884.58919618546
        },
        "fold_8": {
            "learning_time": 10761371.583,
            "test_LL": -42280.56506140037
        },
        "fold_7": {
            "learning_time": 10704050.2141,
            "test_LL": -41455.040861557805
        },
        "fold_6": {
            "learning_time": 10270220.7791,
            "test_LL": -38713.334900385285
        },
        "fold_5": {
            "learning_time": 10996078.5232,
            "test_LL": -42891.963743391796
        },
        "fold_4": {
            "learning_time": 11034184.4929,
            "test_LL": -42523.29537247495
        },
        "fold_3": {
            "learning_time": 10767487.468,
            "test_LL": -38017.09504000859
        },
        "fold_2": {
            "learning_time": 9202869.22607,
            "test_LL": -42098.42668737374
        },
        "fold_1": {
            "learning_time": 6029020.88989,
            "test_LL": -40050.985168828825
        }
    }
}