{
    "average_learning_time": 0.0319889404296875, 
    "average_test_LL": -88.19310052394317,
    "folds": {
        "fold_1": {
            "learning_time": 27.291015625, 
            "test_LL": -82.9076356605353
        }, 
        "fold_10": {
            "learning_time": 36.3818359375, 
            "test_LL": -74.26413295258044
        }, 
        "fold_2": {
            "learning_time": 31.72412109375, 
            "test_LL": -85.44169947910027
        }, 
        "fold_3": {
            "learning_time": 31.783203125, 
            "test_LL": -72.89688160726496
        }, 
        "fold_4": {
            "learning_time": 31.64404296875, 
            "test_LL": -88.95773905748908
        }, 
        "fold_5": {
            "learning_time": 31.69580078125, 
            "test_LL": -89.76303875545909
        }, 
        "fold_6": {
            "learning_time": 35.34619140625, 
            "test_LL": -112.72321480439317
        }, 
        "fold_7": {
            "learning_time": 31.405029296875, 
            "test_LL": -71.7891454849291
        }, 
        "fold_8": {
            "learning_time": 31.507080078125, 
            "test_LL": -124.88222066235932
        }, 
        "fold_9": {
            "learning_time": 31.111083984375, 
            "test_LL": -78.30529677532107
        }
    }
}