{
    "average_accuracy": 0.5048426573426573, 
    "average_error": 0.24510746551321566, 
    "average_learning_time": 19.954390283203125, 
    "average_nrmse": 0.21732414583053491, 
    "runs": {
        "run_1": {
            "accuracy": 0.5636363636363636, 
            "average_error": 0.2299128759872778, 
            "learning_time": 15554.436767578125, 
            "nrmse": 0.20697390261212686
        }, 
        "run_2": {
            "accuracy": 0.4375, 
            "average_error": 0.25103395896609093, 
            "learning_time": 21126.4697265625, 
            "nrmse": 0.21642662107343436
        }, 
        "run_3": {
            "accuracy": 0.5, 
            "average_error": 0.26182258303614503, 
            "learning_time": 20281.81201171875, 
            "nrmse": 0.23535842559571668
        }, 
        "run_4": {
            "accuracy": 0.5230769230769231, 
            "average_error": 0.22934721304639308, 
            "learning_time": 21909.51904296875, 
            "nrmse": 0.20183878372676156
        }, 
        "run_5": {
            "accuracy": 0.5, 
            "average_error": 0.25342069653017146, 
            "learning_time": 20899.7138671875, 
            "nrmse": 0.22602299614463497
        }
    }
}