{
    "average_accuracy": 0.5167662298980752, 
    "average_learning_time": 19.063878466796876, 
    "average_nrmse": 0.20546130801089083, 
    "runs": {
        "run_1": {
            "accuracy": 0.5348837209302325, 
            "learning_time": 19619.861083984375, 
            "nrmse": 0.20937525859259523
        }, 
        "run_2": {
            "accuracy": 0.4594594594594595, 
            "learning_time": 18969.89794921875, 
            "nrmse": 0.20355468070888544
        }, 
        "run_3": {
            "accuracy": 0.5102040816326531, 
            "learning_time": 18031.2451171875, 
            "nrmse": 0.21401193512784256
        }, 
        "run_4": {
            "accuracy": 0.6086956521739131, 
            "learning_time": 19270.168212890625, 
            "nrmse": 0.21544470403279453
        }, 
        "run_5": {
            "accuracy": 0.47058823529411764, 
            "learning_time": 19428.219970703125, 
            "nrmse": 0.18491996159233634
        }
    }
}