{
    "average_accuracy": 0.43813131313131315, 
    "average_error": 0.2177476396811826, 
    "average_learning_time": 22.931190576171872, 
    "average_nrmse": 0.1795119677714599, 
    "runs": {
        "run_1": {
            "accuracy": 0.4444444444444444, 
            "average_error": 0.21808844597999327, 
            "learning_time": 23213.902099609375, 
            "nrmse": 0.18059210047159746
        }, 
        "run_2": {
            "accuracy": 0.16666666666666666, 
            "average_error": 0.24253782528215578, 
            "learning_time": 22938.801025390625, 
            "nrmse": 0.17689387994313602
        }, 
        "run_3": {
            "accuracy": 0.45454545454545453, 
            "average_error": 0.19894857589445297, 
            "learning_time": 22904.406982421875, 
            "nrmse": 0.16044791260999827
        }, 
        "run_4": {
            "accuracy": 0.375, 
            "average_error": 0.24496232220339137, 
            "learning_time": 22872.468017578125, 
            "nrmse": 0.20273591355932374
        }, 
        "run_5": {
            "accuracy": 0.75, 
            "average_error": 0.1842010290459195, 
            "learning_time": 22726.374755859375, 
            "nrmse": 0.1768900322732439
        }
    }
}