{
    "average_accuracy": 0.44646464646464645, 
    "average_learning_time": 19.175804150390626, 
    "average_nrmse": 0.18316572716401472, 
    "runs": {
        "run_1": {
            "accuracy": 0.4444444444444444, 
            "learning_time": 19294.01318359375, 
            "nrmse": 0.16519599206343333
        }, 
        "run_2": {
            "accuracy": 0.16666666666666666, 
            "learning_time": 19031.34423828125, 
            "nrmse": 0.20094735947060968
        }, 
        "run_3": {
            "accuracy": 0.45454545454545453, 
            "learning_time": 18986.236083984375, 
            "nrmse": 0.17752051005072886
        }, 
        "run_4": {
            "accuracy": 0.5, 
            "learning_time": 19302.89599609375, 
            "nrmse": 0.1843315819640886
        }, 
        "run_5": {
            "accuracy": 0.6666666666666666, 
            "learning_time": 19264.53125, 
            "nrmse": 0.18783319227121303
        }
    }
}