{
    "average_accuracy": 0.5260869565217392, 
    "average_learning_time": 19.9393376953125, 
    "average_nrmse": 0.1963560137662589, 
    "runs": {
        "run_1": {
            "accuracy": 0.5217391304347826, 
            "learning_time": 20603.484130859375, 
            "nrmse": 0.20157454164574506
        }, 
        "run_2": {
            "accuracy": 0.5, 
            "learning_time": 20132.850341796875, 
            "nrmse": 0.1931427089689522
        }, 
        "run_3": {
            "accuracy": 0.3333333333333333, 
            "learning_time": 19983.850830078125, 
            "nrmse": 0.20507167781921473
        }, 
        "run_4": {
            "accuracy": 0.6666666666666666, 
            "learning_time": 19610.68115234375, 
            "nrmse": 0.19057314317697807
        }, 
        "run_5": {
            "accuracy": 0.6086956521739131, 
            "learning_time": 19365.822021484375, 
            "nrmse": 0.1914179972204045
        }
    }
}