{
    "average_accuracy": 0.4806020066889632, 
    "average_error": 0.2470504379279145, 
    "average_learning_time": 17.098589306640623, 
    "average_nrmse": 0.2167895984409009, 
    "runs": {
        "run_1": {
            "accuracy": 0.4927536231884058, 
            "average_error": 0.246902538794947, 
            "learning_time": 13035.6669921875, 
            "nrmse": 0.21797544568198624
        }, 
        "run_2": {
            "accuracy": 0.5, 
            "average_error": 0.24673963702801838, 
            "learning_time": 18429.722900390625, 
            "nrmse": 0.2185995966977982
        }, 
        "run_3": {
            "accuracy": 0.41025641025641024, 
            "average_error": 0.25549006229952614, 
            "learning_time": 16433.52392578125, 
            "nrmse": 0.218350781472408
        }, 
        "run_4": {
            "accuracy": 0.4722222222222222, 
            "average_error": 0.23396748096202186, 
            "learning_time": 19977.351806640625, 
            "nrmse": 0.20132189242693785
        }, 
        "run_5": {
            "accuracy": 0.5277777777777778, 
            "average_error": 0.25215247055505907, 
            "learning_time": 17616.680908203125, 
            "nrmse": 0.22770027592537426
        }
    }
}