{
    "average_accuracy": 0.4791856966471272, 
    "average_learning_time": 15.08021787109375, 
    "average_nrmse": 0.21525187602410703, 
    "runs": {
        "run_1": {
            "accuracy": 0.5072463768115942, 
            "learning_time": 11831.012939453125, 
            "nrmse": 0.2163135543895392
        }, 
        "run_2": {
            "accuracy": 0.46774193548387094, 
            "learning_time": 15620.6181640625, 
            "nrmse": 0.20587649058784574
        }, 
        "run_3": {
            "accuracy": 0.44871794871794873, 
            "learning_time": 14314.0029296875, 
            "nrmse": 0.21136453630505456
        }, 
        "run_4": {
            "accuracy": 0.4444444444444444, 
            "learning_time": 17169.42822265625, 
            "nrmse": 0.2198467742872325
        }, 
        "run_5": {
            "accuracy": 0.5277777777777778, 
            "learning_time": 16466.027099609375, 
            "nrmse": 0.22285802455086318
        }
    }
}