{
    "average_accuracy": 0.5385554068817826, 
    "average_error": 0.2261845650401643, 
    "average_learning_time": 22.104821923828123, 
    "average_nrmse": 0.20004456192038061, 
    "runs": {
        "run_1": {
            "accuracy": 0.6451612903225806, 
            "average_error": 0.21605771403675553, 
            "learning_time": 22277.585205078125, 
            "nrmse": 0.2006376034100151
        }, 
        "run_2": {
            "accuracy": 0.48, 
            "average_error": 0.2271163934107358, 
            "learning_time": 22242.642822265625, 
            "nrmse": 0.19457377045637314
        }, 
        "run_3": {
            "accuracy": 0.40540540540540543, 
            "average_error": 0.24640936199040991, 
            "learning_time": 21110.05615234375, 
            "nrmse": 0.20772211392327827
        }, 
        "run_4": {
            "accuracy": 0.6470588235294118, 
            "average_error": 0.22561911725821435, 
            "learning_time": 22477.23974609375, 
            "nrmse": 0.2114722217901728
        }, 
        "run_5": {
            "accuracy": 0.5151515151515151, 
            "average_error": 0.21572023850470573, 
            "learning_time": 22416.585693359375, 
            "nrmse": 0.1858171000220636
        }
    }
}