{
    "average_accuracy": 0.5325555259679364, 
    "average_error": 0.22746002317447173, 
    "average_learning_time": 21.588791455078123, 
    "average_nrmse": 0.2007950841902948, 
    "runs": {
        "run_1": {
            "accuracy": 0.5581395348837209, 
            "average_error": 0.22261015473062856, 
            "learning_time": 21698.203125, 
            "nrmse": 0.19824900913222296
        }, 
        "run_2": {
            "accuracy": 0.4864864864864865, 
            "average_error": 0.23391124096524787, 
            "learning_time": 21666.9130859375, 
            "nrmse": 0.20284432179321835
        }, 
        "run_3": {
            "accuracy": 0.46938775510204084, 
            "average_error": 0.2370293960080378, 
            "learning_time": 20347.010009765625, 
            "nrmse": 0.2044090794647132
        }, 
        "run_4": {
            "accuracy": 0.717391304347826, 
            "average_error": 0.21364868239288307, 
            "learning_time": 21875.301025390625, 
            "nrmse": 0.2059864586974063
        }, 
        "run_5": {
            "accuracy": 0.43137254901960786, 
            "average_error": 0.2301006417755611, 
            "learning_time": 22356.530029296875, 
            "nrmse": 0.19248655186391322
        }
    }
}