{
    "average_accuracy": 0.5384601976480534, 
    "average_learning_time": 19.27088115234375, 
    "average_nrmse": 0.2022095256937307, 
    "runs": {
        "run_1": {
            "accuracy": 0.5806451612903226, 
            "learning_time": 19616.319091796875, 
            "nrmse": 0.20628454070778396
        }, 
        "run_2": {
            "accuracy": 0.52, 
            "learning_time": 19360.36083984375, 
            "nrmse": 0.19419783990912143
        }, 
        "run_3": {
            "accuracy": 0.4864864864864865, 
            "learning_time": 18717.181884765625, 
            "nrmse": 0.20672336793270993
        }, 
        "run_4": {
            "accuracy": 0.5294117647058824, 
            "learning_time": 19316.472900390625, 
            "nrmse": 0.21748413914261985
        }, 
        "run_5": {
            "accuracy": 0.5757575757575758, 
            "learning_time": 19344.071044921875, 
            "nrmse": 0.18635774077641842
        }
    }
}