{
    "average_accuracy": 0.474918414918415, 
    "average_learning_time": 17.871957666015625, 
    "average_nrmse": 0.2216519625668088, 
    "runs": {
        "run_1": {
            "accuracy": 0.5454545454545454, 
            "learning_time": 15223.328125, 
            "nrmse": 0.21506563294687703
        }, 
        "run_2": {
            "accuracy": 0.4166666666666667, 
            "learning_time": 18898.891357421875, 
            "nrmse": 0.229653374077014
        }, 
        "run_3": {
            "accuracy": 0.4393939393939394, 
            "learning_time": 18171.7041015625, 
            "nrmse": 0.22028617829145417
        }, 
        "run_4": {
            "accuracy": 0.5230769230769231, 
            "learning_time": 18858.099853515625, 
            "nrmse": 0.2244654766722818
        }, 
        "run_5": {
            "accuracy": 0.45, 
            "learning_time": 18207.764892578125, 
            "nrmse": 0.21878915084641715
        }
    }
}