{
    "average_accuracy": 0.5351449275362319, 
    "average_error": 0.2269190353374222, 
    "average_learning_time": 22.72334130859375, 
    "average_nrmse": 0.2004816978789393, 
    "runs": {
        "run_1": {
            "accuracy": 0.6086956521739131, 
            "average_error": 0.22554853776392464, 
            "learning_time": 23024.72900390625, 
            "nrmse": 0.2071312255347955
        }, 
        "run_2": {
            "accuracy": 0.5, 
            "average_error": 0.22957705225134437, 
            "learning_time": 22470.169189453125, 
            "nrmse": 0.1995300580570493
        }, 
        "run_3": {
            "accuracy": 0.4166666666666667, 
            "average_error": 0.2318656039658785, 
            "learning_time": 22607.76513671875, 
            "nrmse": 0.19281363403616128
        }, 
        "run_4": {
            "accuracy": 0.5416666666666666, 
            "average_error": 0.2289380004836239, 
            "learning_time": 22654.89111328125, 
            "nrmse": 0.20344963016698953
        }, 
        "run_5": {
            "accuracy": 0.6086956521739131, 
            "average_error": 0.21866598222233957, 
            "learning_time": 22859.152099609375, 
            "nrmse": 0.19948394159970095
        }
    }
}