{
    "average_learning_time": 70.19767739257813, 
    "average_nrmse": 0.11206642681582182, 
    "runs": {
        "run_1": {
            "learning_time": 70284.86474609375, 
            "nrmse": 0.10720920932716621
        }, 
        "run_2": {
            "learning_time": 70558.31787109375, 
            "nrmse": 0.10846701228694616
        }, 
        "run_3": {
            "learning_time": 70080.541015625, 
            "nrmse": 0.11117329276788708
        }, 
        "run_4": {
            "learning_time": 69762.54833984375, 
            "nrmse": 0.11809347190432061
        }, 
        "run_5": {
            "learning_time": 70302.11499023438, 
            "nrmse": 0.11538914779278905
        }
    }
}