{
    "average_learning_time": 70.35109008789063, 
    "average_nrmse": 0.10629590637797406, 
    "runs": {
        "run_1": {
            "learning_time": 70475.49780273438, 
            "nrmse": 0.10519733523285194
        }, 
        "run_2": {
            "learning_time": 70397.27514648438, 
            "nrmse": 0.10697945606275222
        }, 
        "run_3": {
            "learning_time": 70119.02001953125, 
            "nrmse": 0.10412350083164755
        }, 
        "run_4": {
            "learning_time": 70514.736328125, 
            "nrmse": 0.10887858678332625
        }, 
        "run_5": {
            "learning_time": 70248.92114257812, 
            "nrmse": 0.10630065297929239
        }
    }
}