{
    "average_learning_time": 70.487051953125, 
    "average_nrmse": 0.1348175058008502, 
    "runs": {
        "run_1": {
            "learning_time": 70352.32373046875, 
            "nrmse": 0.13511251646724082
        }, 
        "run_2": {
            "learning_time": 70479.06103515625, 
            "nrmse": 0.13910777458629375
        }, 
        "run_3": {
            "learning_time": 69965.63403320312, 
            "nrmse": 0.13106424810667816
        }, 
        "run_4": {
            "learning_time": 71156.49389648438, 
            "nrmse": 0.13327608681975278
        }, 
        "run_5": {
            "learning_time": 70481.7470703125, 
            "nrmse": 0.13552690302428536
        }
    }
}