{
    "average_learning_time": 70.09469912109375, 
    "average_nrmse": 0.12564913142725004, 
    "runs": {
        "run_1": {
            "learning_time": 70110.86108398438, 
            "nrmse": 0.12422939573295684
        }, 
        "run_2": {
            "learning_time": 70002.81396484375, 
            "nrmse": 0.12600041078962232
        }, 
        "run_3": {
            "learning_time": 70049.96508789062, 
            "nrmse": 0.12495614445386459
        }, 
        "run_4": {
            "learning_time": 69976.42626953125, 
            "nrmse": 0.12445429839208962
        }, 
        "run_5": {
            "learning_time": 70333.42919921875, 
            "nrmse": 0.1286054077677169
        }
    }
}