{
    "average_learning_time": 71.38460356445312, 
    "average_nrmse": 0.1021221474903213, 
    "runs": {
        "run_1": {
            "learning_time": 75028.77978515625, 
            "nrmse": 0.09875162183008031
        }, 
        "run_2": {
            "learning_time": 70641.96997070312, 
            "nrmse": 0.10320826761663492
        }, 
        "run_3": {
            "learning_time": 70028.498046875, 
            "nrmse": 0.09953729626979324
        }, 
        "run_4": {
            "learning_time": 70662.44287109375, 
            "nrmse": 0.1094308021255387
        }, 
        "run_5": {
            "learning_time": 70561.3271484375, 
            "nrmse": 0.09968274960955927
        }
    }
}