{
    "average_learning_time": 70.21342197265625, 
    "average_nrmse": 0.1176966612951107, 
    "runs": {
        "run_1": {
            "learning_time": 70199.67211914062, 
            "nrmse": 0.11196178603630805
        }, 
        "run_2": {
            "learning_time": 70376.041015625, 
            "nrmse": 0.11732638133907547
        }, 
        "run_3": {
            "learning_time": 70591.72387695312, 
            "nrmse": 0.11167620232704611
        }, 
        "run_4": {
            "learning_time": 69909.72705078125, 
            "nrmse": 0.12075120409703982
        }, 
        "run_5": {
            "learning_time": 69989.94580078125, 
            "nrmse": 0.1267677326760841
        }
    }
}