{
    "average_accuracy": 0.49310163244346283, 
    "average_learning_time": 27.8279232421875, 
    "average_nrmse": 0.14316982234812659, 
    "runs": {
        "run_1": {
            "accuracy": 0.45595854922279794, 
            "learning_time": 28693.698974609375, 
            "nrmse": 0.14140579646251372
        }, 
        "run_2": {
            "accuracy": 0.5240641711229946, 
            "learning_time": 28372.06982421875, 
            "nrmse": 0.14323944017993498
        }, 
        "run_3": {
            "accuracy": 0.520618556701031, 
            "learning_time": 25464.289794921875, 
            "nrmse": 0.14128388700237046
        }, 
        "run_4": {
            "accuracy": 0.43010752688172044, 
            "learning_time": 28133.142822265625, 
            "nrmse": 0.14127902838535025
        }, 
        "run_5": {
            "accuracy": 0.5347593582887701, 
            "learning_time": 28476.414794921875, 
            "nrmse": 0.14864095971046354
        }
    }
}