{
    "average_accuracy": 0.5155156980728768, 
    "average_learning_time": 28.6724361328125, 
    "average_nrmse": 0.1322627477986713, 
    "runs": {
        "run_1": {
            "accuracy": 0.5116279069767442, 
            "learning_time": 29121.501953125, 
            "nrmse": 0.13119126217019694
        }, 
        "run_2": {
            "accuracy": 0.535031847133758, 
            "learning_time": 28454.52392578125, 
            "nrmse": 0.13137298098174144
        }, 
        "run_3": {
            "accuracy": 0.5189873417721519, 
            "learning_time": 28448.452880859375, 
            "nrmse": 0.1351336653958876
        }, 
        "run_4": {
            "accuracy": 0.4563758389261745, 
            "learning_time": 28364.06396484375, 
            "nrmse": 0.1363237923526057
        }, 
        "run_5": {
            "accuracy": 0.5555555555555556, 
            "learning_time": 28973.637939453125, 
            "nrmse": 0.12729203809292494
        }
    }
}