{
    "average_accuracy": 0.5591475286135564, 
    "average_learning_time": 28.691098974609375, 
    "average_nrmse": 0.13395722481417754, 
    "runs": {
        "run_1": {
            "accuracy": 0.5037037037037037, 
            "learning_time": 28732.260009765625, 
            "nrmse": 0.1340519551290868
        }, 
        "run_2": {
            "accuracy": 0.5891472868217055, 
            "learning_time": 28802.44580078125, 
            "nrmse": 0.12881675617106136
        }, 
        "run_3": {
            "accuracy": 0.5859375, 
            "learning_time": 28679.093017578125, 
            "nrmse": 0.14072246542041475
        }, 
        "run_4": {
            "accuracy": 0.6, 
            "learning_time": 28427.31982421875, 
            "nrmse": 0.13375015639354146
        }, 
        "run_5": {
            "accuracy": 0.5169491525423728, 
            "learning_time": 28814.376220703125, 
            "nrmse": 0.13244479095678333
        }
    }
}