{
    "average_accuracy": 0.5130352406214476, 
    "average_learning_time": 30.594669921875, 
    "average_nrmse": 0.1096273668159263, 
    "runs": {
        "run_1": {
            "accuracy": 0.6, 
            "learning_time": 31274.62890625, 
            "nrmse": 0.11411463276119806
        }, 
        "run_2": {
            "accuracy": 0.48717948717948717, 
            "learning_time": 30358.682861328125, 
            "nrmse": 0.10660476811665094
        }, 
        "run_3": {
            "accuracy": 0.42857142857142855, 
            "learning_time": 30461.3671875, 
            "nrmse": 0.11760494500150216
        }, 
        "run_4": {
            "accuracy": 0.4827586206896552, 
            "learning_time": 30403.841796875, 
            "nrmse": 0.1051646268146217
        }, 
        "run_5": {
            "accuracy": 0.5666666666666667, 
            "learning_time": 30474.828857421875, 
            "nrmse": 0.10464786138565872
        }
    }
}