{
    "average_accuracy": 0.5313580648843984, 
    "average_error": 0.18933867617592887, 
    "average_learning_time": 37.6781083984375, 
    "average_nrmse": 0.14278813301931673, 
    "runs": {
        "run_1": {
            "accuracy": 0.5077720207253886, 
            "average_error": 0.20141254333586817, 
            "learning_time": 38621.906982421875, 
            "nrmse": 0.15294330401274428
        }, 
        "run_2": {
            "accuracy": 0.5882352941176471, 
            "average_error": 0.17761120373460684, 
            "learning_time": 37978.362060546875, 
            "nrmse": 0.13858562004331582
        }, 
        "run_3": {
            "accuracy": 0.520618556701031, 
            "average_error": 0.19056966369635947, 
            "learning_time": 34088.9208984375, 
            "nrmse": 0.14243436709592452
        }, 
        "run_4": {
            "accuracy": 0.510752688172043, 
            "average_error": 0.18553393450346636, 
            "learning_time": 37768.30712890625, 
            "nrmse": 0.13491503828271795
        }, 
        "run_5": {
            "accuracy": 0.5294117647058824, 
            "average_error": 0.19156603560934332, 
            "learning_time": 39933.044921875, 
            "nrmse": 0.14506233566188093
        }
    }
}