{
    "average_accuracy": 0.5805579950559459, 
    "average_learning_time": 30.0998421875, 
    "average_nrmse": 0.11602397251249874, 
    "runs": {
        "run_1": {
            "accuracy": 0.640625, 
            "learning_time": 30257.42333984375, 
            "nrmse": 0.11069744141115982
        }, 
        "run_2": {
            "accuracy": 0.5714285714285714, 
            "learning_time": 30630.664794921875, 
            "nrmse": 0.12252528419944629
        }, 
        "run_3": {
            "accuracy": 0.6825396825396826, 
            "learning_time": 30898.197998046875, 
            "nrmse": 0.1268681245329014
        }, 
        "run_4": {
            "accuracy": 0.5, 
            "learning_time": 29840.094970703125, 
            "nrmse": 0.10946563860075254
        }, 
        "run_5": {
            "accuracy": 0.5081967213114754, 
            "learning_time": 28872.829833984375, 
            "nrmse": 0.11056337381823368
        }
    }
}