{
    "average_accuracy": 0.5682001141014866, 
    "average_learning_time": 28.768139404296875, 
    "average_nrmse": 0.12354960455009459, 
    "runs": {
        "run_1": {
            "accuracy": 0.6304347826086957, 
            "learning_time": 28789.914306640625, 
            "nrmse": 0.12870521486639278
        }, 
        "run_2": {
            "accuracy": 0.5520833333333334, 
            "learning_time": 28795.766845703125, 
            "nrmse": 0.11553774543197441
        }, 
        "run_3": {
            "accuracy": 0.5681818181818182, 
            "learning_time": 28653.426025390625, 
            "nrmse": 0.1315971077342866
        }, 
        "run_4": {
            "accuracy": 0.5204081632653061, 
            "learning_time": 28547.69384765625, 
            "nrmse": 0.12124708214799829
        }, 
        "run_5": {
            "accuracy": 0.5698924731182796, 
            "learning_time": 29053.89599609375, 
            "nrmse": 0.12066087256982085
        }
    }
}