{
    "average_accuracy": 0.49345921674773363, 
    "average_error": 0.18558370893111, 
    "average_learning_time": 37.80636079101563, 
    "average_nrmse": 0.1320908632109173, 
    "runs": {
        "run_1": {
            "accuracy": 0.4941860465116279, 
            "average_error": 0.18269860307923677, 
            "learning_time": 35575.960205078125, 
            "nrmse": 0.12884604467771424
        }, 
        "run_2": {
            "accuracy": 0.5732484076433121, 
            "average_error": 0.17217356384236612, 
            "learning_time": 38498.44287109375, 
            "nrmse": 0.1297438924233125
        }, 
        "run_3": {
            "accuracy": 0.4810126582278481, 
            "average_error": 0.19502649578962142, 
            "learning_time": 38344.349853515625, 
            "nrmse": 0.14103302145919966
        }, 
        "run_4": {
            "accuracy": 0.3959731543624161, 
            "average_error": 0.20033570656546157, 
            "learning_time": 39120.034912109375, 
            "nrmse": 0.13305385005344114
        }, 
        "run_5": {
            "accuracy": 0.5228758169934641, 
            "average_error": 0.1776841753788641, 
            "learning_time": 37493.01611328125, 
            "nrmse": 0.1277775074409188
        }
    }
}