{
    "average_accuracy": 0.5363093828631798, 
    "average_error": 0.17128464506604602, 
    "average_learning_time": 37.86981538085938, 
    "average_nrmse": 0.12255031638758362, 
    "runs": {
        "run_1": {
            "accuracy": 0.5652173913043478, 
            "average_error": 0.1710405482268051, 
            "learning_time": 38358.322998046875, 
            "nrmse": 0.12708353814866388
        }, 
        "run_2": {
            "accuracy": 0.5833333333333334, 
            "average_error": 0.16059079750844055, 
            "learning_time": 37331.550048828125, 
            "nrmse": 0.11791148598206952
        }, 
        "run_3": {
            "accuracy": 0.45454545454545453, 
            "average_error": 0.17694368010848663, 
            "learning_time": 40574.02392578125, 
            "nrmse": 0.11552520255081015
        }, 
        "run_4": {
            "accuracy": 0.5408163265306123, 
            "average_error": 0.1808453230413078, 
            "learning_time": 34052.759033203125, 
            "nrmse": 0.13445559796996112
        }, 
        "run_5": {
            "accuracy": 0.5376344086021505, 
            "average_error": 0.16700287644519, 
            "learning_time": 39032.4208984375, 
            "nrmse": 0.11777575728641339
        }
    }
}