{
    "average_accuracy": 0.5280800808387015, 
    "average_error": 0.1617211806060798, 
    "average_learning_time": 38.11872978515625, 
    "average_nrmse": 0.11002139084687665, 
    "runs": {
        "run_1": {
            "accuracy": 0.6, 
            "average_error": 0.1540837874186949, 
            "learning_time": 37685.22314453125, 
            "nrmse": 0.11309775198847742
        }, 
        "run_2": {
            "accuracy": 0.5897435897435898, 
            "average_error": 0.15725235000913923, 
            "learning_time": 37985.72021484375, 
            "nrmse": 0.11508500663459409
        }, 
        "run_3": {
            "accuracy": 0.5357142857142857, 
            "average_error": 0.15583019516898405, 
            "learning_time": 39233.721923828125, 
            "nrmse": 0.10442094198286235
        }, 
        "run_4": {
            "accuracy": 0.4482758620689655, 
            "average_error": 0.16934517008862654, 
            "learning_time": 35485.35791015625, 
            "nrmse": 0.10561534211489187
        }, 
        "run_5": {
            "accuracy": 0.4666666666666667, 
            "average_error": 0.1720944003449541, 
            "learning_time": 40203.625732421875, 
            "nrmse": 0.11188791151355755
        }
    }
}