{
    "average_learning_time": 1163.9832407714844, 
    "average_nrmse": 0.0919431864844147, 
    "runs": {
        "run_1": {
            "learning_time": 1160774.4519042969, 
            "nrmse": 0.08876633698441244
        }, 
        "run_2": {
            "learning_time": 1166257.1362304688, 
            "nrmse": 0.09396372479442738
        }, 
        "run_3": {
            "learning_time": 1163707.3010253906, 
            "nrmse": 0.09132547698847761
        }, 
        "run_4": {
            "learning_time": 1166576.2277832031, 
            "nrmse": 0.09206481774439128
        }, 
        "run_5": {
            "learning_time": 1162601.0869140625, 
            "nrmse": 0.09359557591036478
        }
    }
}