{
    "average_learning_time": 1164.6170161132814, 
    "average_nrmse": 0.09433016735420262, 
    "runs": {
        "run_1": {
            "learning_time": 1166361.1760253906, 
            "nrmse": 0.09305330343377267
        }, 
        "run_2": {
            "learning_time": 1163098.0246582031, 
            "nrmse": 0.09541320877085592
        }, 
        "run_3": {
            "learning_time": 1163026.2580566406, 
            "nrmse": 0.09428189882859116
        }, 
        "run_4": {
            "learning_time": 1167728.9797363281, 
            "nrmse": 0.09363586956387282
        }, 
        "run_5": {
            "learning_time": 1162870.6420898438, 
            "nrmse": 0.09526655617392053
        }
    }
}