{
    "average_learning_time": 1165.54807421875, 
    "average_nrmse": 0.09735037762446529, 
    "runs": {
        "run_1": {
            "learning_time": 1161415.7429199219, 
            "nrmse": 0.09708378706920597
        }, 
        "run_2": {
            "learning_time": 1163741.5109863281, 
            "nrmse": 0.09892341171346984
        }, 
        "run_3": {
            "learning_time": 1167252.369140625, 
            "nrmse": 0.0962024831364728
        }, 
        "run_4": {
            "learning_time": 1164945.3889160156, 
            "nrmse": 0.09768900757696401
        }, 
        "run_5": {
            "learning_time": 1170385.3591308594, 
            "nrmse": 0.09685319862621382
        }
    }
}