{
    "average_learning_time": 1151.8548960449218, 
    "average_nrmse": 0.099504780742506, 
    "runs": {
        "run_1": {
            "learning_time": 1167281.3259277344, 
            "nrmse": 0.09985152456425163
        }, 
        "run_2": {
            "learning_time": 1145761.5598144531, 
            "nrmse": 0.09984091011145511
        }, 
        "run_3": {
            "learning_time": 1149104.2202148438, 
            "nrmse": 0.10015266216121854
        }, 
        "run_4": {
            "learning_time": 1148217.4162597656, 
            "nrmse": 0.09874214201869103
        }, 
        "run_5": {
            "learning_time": 1148909.9580078125, 
            "nrmse": 0.09893666485691371
        }
    }
}