{
    "average_learning_time": 1151.5927490234376, 
    "average_nrmse": 0.10740199066737624, 
    "runs": {
        "run_1": {
            "learning_time": 1142589.2102050781, 
            "nrmse": 0.10849253210851369
        }, 
        "run_2": {
            "learning_time": 1141399.9599609375, 
            "nrmse": 0.10788804205973561
        }, 
        "run_3": {
            "learning_time": 1148220.2866210938, 
            "nrmse": 0.10683076441095378
        }, 
        "run_4": {
            "learning_time": 1161383.4770507812, 
            "nrmse": 0.10566255381383279
        }, 
        "run_5": {
            "learning_time": 1164370.8112792969, 
            "nrmse": 0.1081360609438453
        }
    }
}