{
    "average_learning_time": 1147.8691618652344, 
    "average_nrmse": 0.1044814348155068, 
    "runs": {
        "run_1": {
            "learning_time": 1144671.6240234375, 
            "nrmse": 0.10413914774388122
        }, 
        "run_2": {
            "learning_time": 1145820.6791992188, 
            "nrmse": 0.10427901094132891
        }, 
        "run_3": {
            "learning_time": 1148282.958984375, 
            "nrmse": 0.10244171518983945
        }, 
        "run_4": {
            "learning_time": 1150195.744140625, 
            "nrmse": 0.10584487094586131
        }, 
        "run_5": {
            "learning_time": 1150374.8029785156, 
            "nrmse": 0.10570242925662306
        }
    }
}