{
    "average_learning_time": 0.085557177734375, 
    "average_test_LL": -2024.696680012124,
    "folds": {
        "fold_1": {
            "learning_time": 95.639892578125, 
            "test_LL": -1966.8777475008806
        }, 
        "fold_10": {
            "learning_time": 87.43310546875, 
            "test_LL": -2341.6315730648007
        }, 
        "fold_2": {
            "learning_time": 69.983154296875, 
            "test_LL": -1928.1518920206488
        }, 
        "fold_3": {
            "learning_time": 69.406982421875, 
            "test_LL": -2376.6240234362317
        }, 
        "fold_4": {
            "learning_time": 94.77685546875, 
            "test_LL": -1957.5594796778412
        }, 
        "fold_5": {
            "learning_time": 121.093017578125, 
            "test_LL": -1950.8863028608434
        }, 
        "fold_6": {
            "learning_time": 111.565673828125, 
            "test_LL": -1921.0324628542905
        }, 
        "fold_7": {
            "learning_time": 68.526123046875, 
            "test_LL": -1908.430856559024
        }, 
        "fold_8": {
            "learning_time": 68.593994140625, 
            "test_LL": -1949.5848996043624
        }, 
        "fold_9": {
            "learning_time": 68.552978515625, 
            "test_LL": -1946.1875625423195
        }
    }
}