{
    "average_accuracy": 0.3321379357661081, 
    "average_error": 0.20139943331347093, 
    "average_learning_time": 680.7709173339844, 
    "average_nrmse": 0.06815092782009662, 
    "runs": {
        "run_1": {
            "accuracy": 0.33058017727639, 
            "average_error": 0.19945833450243045, 
            "learning_time": 679162.8581542969, 
            "nrmse": 0.06554563129656452
        }, 
        "run_2": {
            "accuracy": 0.3318794607454401, 
            "average_error": 0.20159225649368123, 
            "learning_time": 680802.0427246094, 
            "nrmse": 0.06871583022682644
        }, 
        "run_3": {
            "accuracy": 0.3306337315246001, 
            "average_error": 0.20074032141623263, 
            "learning_time": 687098.12890625, 
            "nrmse": 0.06701457542883517
        }, 
        "run_4": {
            "accuracy": 0.3339271575613618, 
            "average_error": 0.20332691694761684, 
            "learning_time": 680106.8818359375, 
            "nrmse": 0.07063221411747869
        }, 
        "run_5": {
            "accuracy": 0.33366915172274836, 
            "average_error": 0.20187933720739348, 
            "learning_time": 676684.6750488281, 
            "nrmse": 0.06884638803077824
        }
    }
}