{
    "average_accuracy": 0.343214769799287, 
    "average_learning_time": 672.3944937988281, 
    "average_nrmse": 0.04936911263581258, 
    "runs": {
        "run_1": {
            "accuracy": 0.31850961538461536, 
            "learning_time": 655216.12109375, 
            "nrmse": 0.049693242460151686
        }, 
        "run_2": {
            "accuracy": 0.36420476748729974, 
            "learning_time": 663857.9880371094, 
            "nrmse": 0.04790730703373516
        }, 
        "run_3": {
            "accuracy": 0.34645999162128194, 
            "learning_time": 664790.6899414062, 
            "nrmse": 0.049484375389174065
        }, 
        "run_4": {
            "accuracy": 0.34477317554240633, 
            "learning_time": 701130.1860351562, 
            "nrmse": 0.04896639570825891
        }, 
        "run_5": {
            "accuracy": 0.34212629896083135, 
            "learning_time": 676977.4838867188, 
            "nrmse": 0.05079424258774309
        }
    }
}