{
    "average_accuracy": 0.34748171193741795, 
    "average_error": 0.18045812209190484, 
    "average_learning_time": 1111.2198794433593, 
    "average_nrmse": 0.04674095022041105, 
    "runs": {
        "run_1": {
            "accuracy": 0.3372365339578454, 
            "average_error": 0.18047105820611875, 
            "learning_time": 1013359.794921875, 
            "nrmse": 0.04508810124673839
        }, 
        "run_2": {
            "accuracy": 0.3230593607305936, 
            "average_error": 0.18789599592784176, 
            "learning_time": 1809729.0029296875, 
            "nrmse": 0.0497885862430647
        }, 
        "run_3": {
            "accuracy": 0.39510939510939513, 
            "average_error": 0.1715911545096833, 
            "learning_time": 1020418.3562011719, 
            "nrmse": 0.0481012447630496
        }, 
        "run_4": {
            "accuracy": 0.35064935064935066, 
            "average_error": 0.1778326901926507, 
            "learning_time": 961478.5939941406, 
            "nrmse": 0.044842428402399805
        }, 
        "run_5": {
            "accuracy": 0.331353919239905, 
            "average_error": 0.18449971162322967, 
            "learning_time": 751113.6491699219, 
            "nrmse": 0.045884390446802724
        }
    }
}