{
    "average_accuracy": 0.3469678383228654, 
    "average_error": 0.182450960317386, 
    "average_learning_time": 734.3559263671875, 
    "average_nrmse": 0.04875098610959629, 
    "runs": {
        "run_1": {
            "accuracy": 0.323022010707912, 
            "average_error": 0.1887849406118852, 
            "learning_time": 719477.7399902344, 
            "nrmse": 0.05041496211211605
        }, 
        "run_2": {
            "accuracy": 0.3622273249138921, 
            "average_error": 0.1789959929651953, 
            "learning_time": 781678.8171386719, 
            "nrmse": 0.049222619735373334
        }, 
        "run_3": {
            "accuracy": 0.34155363748458695, 
            "average_error": 0.18406860379701723, 
            "learning_time": 768636.4541015625, 
            "nrmse": 0.04889854887059138
        }, 
        "run_4": {
            "accuracy": 0.348294434470377, 
            "average_error": 0.1818974967430307, 
            "learning_time": 701521.8337402344, 
            "nrmse": 0.048776021740699574
        }, 
        "run_5": {
            "accuracy": 0.3597417840375587, 
            "average_error": 0.17850776746980157, 
            "learning_time": 700464.7868652344, 
            "nrmse": 0.046442778089201144
        }
    }
}