{
    "average_accuracy": 0.33807136864681664, 
    "average_error": 0.19144632231541775, 
    "average_learning_time": 805.694935546875, 
    "average_nrmse": 0.057111521887241834, 
    "runs": {
        "run_1": {
            "accuracy": 0.3279322853688029, 
            "average_error": 0.192077936071677, 
            "learning_time": 837419.9038085938, 
            "nrmse": 0.0554048376332371
        }, 
        "run_2": {
            "accuracy": 0.33783463634209904, 
            "average_error": 0.18951175934224865, 
            "learning_time": 854946.2739257812, 
            "nrmse": 0.0548876691361812
        }, 
        "run_3": {
            "accuracy": 0.3452263779527559, 
            "average_error": 0.19114427842510506, 
            "learning_time": 854526.4541015625, 
            "nrmse": 0.05886988209466435
        }, 
        "run_4": {
            "accuracy": 0.3442507068803016, 
            "average_error": 0.19235265010070066, 
            "learning_time": 804081.4768066406, 
            "nrmse": 0.05946435467340205
        }, 
        "run_5": {
            "accuracy": 0.33511283669012376, 
            "average_error": 0.19214498763735735, 
            "learning_time": 677500.5690917969, 
            "nrmse": 0.056930865898724495
        }
    }
}