{
    "average_accuracy": 0.3478397610597189, 
    "average_error": 0.1860930668314556, 
    "average_learning_time": 736.9977669433594, 
    "average_nrmse": 0.05299174977377587, 
    "runs": {
        "run_1": {
            "accuracy": 0.32908704883227174, 
            "average_error": 0.18986372603289373, 
            "learning_time": 681120.3879394531, 
            "nrmse": 0.0531849567491544
        }, 
        "run_2": {
            "accuracy": 0.3731958762886598, 
            "average_error": 0.17945042652461302, 
            "learning_time": 696646.4990234375, 
            "nrmse": 0.05184551673738521
        }, 
        "run_3": {
            "accuracy": 0.34747599876122637, 
            "average_error": 0.18630996013734782, 
            "learning_time": 696621.2687988281, 
            "nrmse": 0.05356219420973924
        }, 
        "run_4": {
            "accuracy": 0.35712187958883995, 
            "average_error": 0.18499506187553533, 
            "learning_time": 706054.5139160156, 
            "nrmse": 0.053736545745564676
        }, 
        "run_5": {
            "accuracy": 0.3323180018275967, 
            "average_error": 0.18984615958688814, 
            "learning_time": 904546.1650390625, 
            "nrmse": 0.052629535427035794
        }
    }
}