{
    "average_accuracy": 0.3348559516270861, 
    "average_learning_time": 653.73467734375, 
    "average_nrmse": 0.05838857705796106, 
    "runs": {
        "run_1": {
            "accuracy": 0.32889963724304716, 
            "learning_time": 645799.4580078125, 
            "nrmse": 0.057451573552619546
        }, 
        "run_2": {
            "accuracy": 0.3293058516939114, 
            "learning_time": 653054.6030273438, 
            "nrmse": 0.057206545899208615
        }, 
        "run_3": {
            "accuracy": 0.3331692913385827, 
            "learning_time": 658071.2338867188, 
            "nrmse": 0.05809399365626165
        }, 
        "run_4": {
            "accuracy": 0.34754948162111216, 
            "learning_time": 664816.634765625, 
            "nrmse": 0.06101517971391433
        }, 
        "run_5": {
            "accuracy": 0.335355496238777, 
            "learning_time": 646931.45703125, 
            "nrmse": 0.058175592467801115
        }
    }
}