{
    "average_accuracy": 0.3515566885758362, 
    "average_learning_time": 670.0130494628906, 
    "average_nrmse": 0.04714973375962835, 
    "runs": {
        "run_1": {
            "accuracy": 0.32084309133489464, 
            "learning_time": 671363.7670898438, 
            "nrmse": 0.047158601589710476
        }, 
        "run_2": {
            "accuracy": 0.3276255707762557, 
            "learning_time": 666951.7250976562, 
            "nrmse": 0.04831393895713402
        }, 
        "run_3": {
            "accuracy": 0.39768339768339767, 
            "learning_time": 670610.1311035156, 
            "nrmse": 0.04626860653584858
        }, 
        "run_4": {
            "accuracy": 0.3612750885478158, 
            "learning_time": 670020.7900390625, 
            "nrmse": 0.0463233063040735
        }, 
        "run_5": {
            "accuracy": 0.3503562945368171, 
            "learning_time": 671118.833984375, 
            "nrmse": 0.04768421541137517
        }
    }
}