{
    "average_accuracy": 0.34288939166010246, 
    "average_error": 0.1838084457002262, 
    "average_learning_time": 712.8583369628906, 
    "average_nrmse": 0.04896065660349852, 
    "runs": {
        "run_1": {
            "accuracy": 0.3313301282051282, 
            "average_error": 0.1854831419927745, 
            "learning_time": 681254.8369140625, 
            "nrmse": 0.04815687886575281
        }, 
        "run_2": {
            "accuracy": 0.3505275498241501, 
            "average_error": 0.18031084002572595, 
            "learning_time": 691184.2719726562, 
            "nrmse": 0.04732379711004956
        }, 
        "run_3": {
            "accuracy": 0.3498114788437369, 
            "average_error": 0.18243663895676634, 
            "learning_time": 693346.216796875, 
            "nrmse": 0.04903200558016415
        }, 
        "run_4": {
            "accuracy": 0.3542406311637081, 
            "average_error": 0.18223886667745917, 
            "learning_time": 778430.3232421875, 
            "nrmse": 0.050324101528219624
        }, 
        "run_5": {
            "accuracy": 0.328537170263789, 
            "average_error": 0.18857274084840514, 
            "learning_time": 720076.0358886719, 
            "nrmse": 0.04996649993330647
        }
    }
}