{
    "average_accuracy": 0.3434833434115954, 
    "average_learning_time": 665.525511328125, 
    "average_nrmse": 0.04878236506389761, 
    "runs": {
        "run_1": {
            "accuracy": 0.30993456276026177, 
            "learning_time": 656861.46875, 
            "nrmse": 0.05006043783283199
        }, 
        "run_2": {
            "accuracy": 0.34902411021814006, 
            "learning_time": 664778.1999511719, 
            "nrmse": 0.048014686104252656
        }, 
        "run_3": {
            "accuracy": 0.33785450061652283, 
            "learning_time": 669206.2858886719, 
            "nrmse": 0.048840651922071494
        }, 
        "run_4": {
            "accuracy": 0.3608617594254937, 
            "learning_time": 669737.3608398438, 
            "nrmse": 0.049518315394198306
        }, 
        "run_5": {
            "accuracy": 0.3597417840375587, 
            "learning_time": 667044.2412109375, 
            "nrmse": 0.04747773406613363
        }
    }
}