{
    "average_accuracy": 0.32736894428981245, 
    "average_learning_time": 648.2332034667969, 
    "average_nrmse": 0.0678735206411347, 
    "runs": {
        "run_1": {
            "accuracy": 0.32131345688960516, 
            "learning_time": 646329.7250976562, 
            "nrmse": 0.0677356579935167
        }, 
        "run_2": {
            "accuracy": 0.3259318001586043, 
            "learning_time": 650886.7980957031, 
            "nrmse": 0.0689797270474161
        }, 
        "run_3": {
            "accuracy": 0.33022879125329013, 
            "learning_time": 652215.0041503906, 
            "nrmse": 0.06679003465629112
        }, 
        "run_4": {
            "accuracy": 0.3319477434679335, 
            "learning_time": 646036.2680664062, 
            "nrmse": 0.06880321030004687
        }, 
        "run_5": {
            "accuracy": 0.32742292967962927, 
            "learning_time": 645698.2219238281, 
            "nrmse": 0.06705897320840266
        }
    }
}