{
    "average_accuracy": 0.34017007664315796, 
    "average_learning_time": 666.5146541503907, 
    "average_nrmse": 0.05297431311451602, 
    "runs": {
        "run_1": {
            "accuracy": 0.3327267212617531, 
            "learning_time": 666556.6037597656, 
            "nrmse": 0.05294278481558149
        }, 
        "run_2": {
            "accuracy": 0.3540500736377025, 
            "learning_time": 680159.2041015625, 
            "nrmse": 0.05255753292549991
        }, 
        "run_3": {
            "accuracy": 0.33756580984825024, 
            "learning_time": 667805.6389160156, 
            "nrmse": 0.05296474654473442
        }, 
        "run_4": {
            "accuracy": 0.33627019089574156, 
            "learning_time": 665242.9799804688, 
            "nrmse": 0.05326483254035234
        }, 
        "run_5": {
            "accuracy": 0.34023758757234235, 
            "learning_time": 652808.8439941406, 
            "nrmse": 0.053141668746411956
        }
    }
}