{
    "average_accuracy": 0.858864132038954, 
    "average_error": 0.10855149053772242, 
    "average_learning_time": 53439.77425424805, 
    "average_nrmse": 0.10835519910746143, 
    "runs": {
        "run_1": {
            "accuracy": 0.8627145085803433, 
            "average_error": 0.11593308386572038, 
            "learning_time": 41849061.47607422, 
            "nrmse": 0.11580445490455209
        }, 
        "run_2": {
            "accuracy": 0.8340943683409436, 
            "average_error": 0.10814624218536731, 
            "learning_time": 51014050.763916016, 
            "nrmse": 0.10779829405600773
        }, 
        "run_3": {
            "accuracy": 0.863768115942029, 
            "average_error": 0.10756271634168561, 
            "learning_time": 50989160.60522461, 
            "nrmse": 0.10739001051206944
        }, 
        "run_4": {
            "accuracy": 0.8793893129770992, 
            "average_error": 0.10663063230355338, 
            "learning_time": 50455706.73706055, 
            "nrmse": 0.10654641510644888
        }, 
        "run_5": {
            "accuracy": 0.8543543543543544, 
            "average_error": 0.10448477799228545, 
            "learning_time": 72890891.68896484, 
            "nrmse": 0.10423682095822906
        }
    }
}