{
    "average_accuracy": 0.8628259625421351, 
    "average_error": 0.12453346226045481, 
    "average_learning_time": 47074.2477918457, 
    "average_nrmse": 0.12445731421709694, 
    "runs": {
        "run_1": {
            "accuracy": 0.8686131386861314, 
            "average_error": 0.1369263065163584, 
            "learning_time": 30375795.290039062, 
            "nrmse": 0.13695967666818062
        }, 
        "run_2": {
            "accuracy": 0.859816653934301, 
            "average_error": 0.13473761130416512, 
            "learning_time": 30697080.626220703, 
            "nrmse": 0.13470480567307155
        }, 
        "run_3": {
            "accuracy": 0.8652671755725191, 
            "average_error": 0.11974844902789232, 
            "learning_time": 50888422.52294922, 
            "nrmse": 0.11965818170620805
        }, 
        "run_4": {
            "accuracy": 0.8624199019977384, 
            "average_error": 0.116540094134361, 
            "learning_time": 62961316.49707031, 
            "nrmse": 0.11641334712310861
        }, 
        "run_5": {
            "accuracy": 0.8580129425199847, 
            "average_error": 0.11471485031949724, 
            "learning_time": 60448624.02294922, 
            "nrmse": 0.1145505599149158
        }
    }
}