{
    "average_accuracy": 0.8533789114975349, 
    "average_error": 0.1338639562482791, 
    "average_learning_time": 43048.53413139649, 
    "average_nrmse": 0.13378710605397676, 
    "runs": {
        "run_1": {
            "accuracy": 0.8548683404776485, 
            "average_error": 0.1368963996780313, 
            "learning_time": 43526462.4699707, 
            "nrmse": 0.13684678967896913
        }, 
        "run_2": {
            "accuracy": 0.8576709796672828, 
            "average_error": 0.13337787941939816, 
            "learning_time": 42849301.58691406, 
            "nrmse": 0.13332395688377577
        }, 
        "run_3": {
            "accuracy": 0.8521686010995724, 
            "average_error": 0.13375439360708685, 
            "learning_time": 41852066.37890625, 
            "nrmse": 0.13366959237037998
        }, 
        "run_4": {
            "accuracy": 0.8542744143595984, 
            "average_error": 0.13442656553929105, 
            "learning_time": 39824057.01611328, 
            "nrmse": 0.1343584991531398
        }, 
        "run_5": {
            "accuracy": 0.8479122218835721, 
            "average_error": 0.1308645429975881, 
            "learning_time": 47190783.205078125, 
            "nrmse": 0.13073669218361916
        }
    }
}