{
    "average_accuracy": 0.8577917874416936, 
    "average_error": 0.102306454847323, 
    "average_learning_time": 56405.184631591794, 
    "average_nrmse": 0.10206608281291947, 
    "runs": {
        "run_1": {
            "accuracy": 0.8602316602316602, 
            "average_error": 0.10466562668538157, 
            "learning_time": 48033145.717041016, 
            "nrmse": 0.10445416455837582
        }, 
        "run_2": {
            "accuracy": 0.8427914110429447, 
            "average_error": 0.10292579492885108, 
            "learning_time": 55674021.86010742, 
            "nrmse": 0.10259879014554865
        }, 
        "run_3": {
            "accuracy": 0.8570353649360422, 
            "average_error": 0.10169277908793883, 
            "learning_time": 55655908.00488281, 
            "nrmse": 0.10144415344952908
        }, 
        "run_4": {
            "accuracy": 0.8616305160807779, 
            "average_error": 0.1015281035906458, 
            "learning_time": 53848988.64794922, 
            "nrmse": 0.10130616756457003
        }, 
        "run_5": {
            "accuracy": 0.8672699849170438, 
            "average_error": 0.10071996994379766, 
            "learning_time": 68813858.92797852, 
            "nrmse": 0.10052713834657381
        }
    }
}