{
    "average_learning_time": 29.875672265625, 
    "average_test_ll": -872.496189007203, 
    "folds": {
        "fold_1": {
            "learning_time": 29610.650146484375, 
            "test_ll": -921.7426496309406
        }, 
        "fold_10": {
            "learning_time": 35612.138916015625, 
            "test_ll": -827.2605624040646
        }, 
        "fold_2": {
            "learning_time": 32955.280029296875, 
            "test_ll": -885.7092492022468
        }, 
        "fold_3": {
            "learning_time": 31857.845947265625, 
            "test_ll": -801.6997092555551
        }, 
        "fold_4": {
            "learning_time": 28126.919921875, 
            "test_ll": -818.0442011245732
        }, 
        "fold_5": {
            "learning_time": 27214.318115234375, 
            "test_ll": -970.2865528237992
        }, 
        "fold_6": {
            "learning_time": 27324.5419921875, 
            "test_ll": -878.6633205747044
        }, 
        "fold_7": {
            "learning_time": 28536.402099609375, 
            "test_ll": -899.4652544400283
        }, 
        "fold_8": {
            "learning_time": 28449.93115234375, 
            "test_ll": -698.058296698033
        }, 
        "fold_9": {
            "learning_time": 29068.6943359375, 
            "test_ll": -1024.0320939180847
        }
    }
}