{
    "average_accuracy": 0.774899771345371, 
    "average_learning_time": 6.19485283203125, 
    "average_nrmse": 0.17444252894961504, 
    "runs": {
        "run_1": {
            "accuracy": 0.8103448275862069, 
            "learning_time": 6548.517333984375, 
            "nrmse": 0.18091157442983175
        }, 
        "run_2": {
            "accuracy": 0.6842105263157895, 
            "learning_time": 6262.619873046875, 
            "nrmse": 0.18221514039812842
        }, 
        "run_3": {
            "accuracy": 0.7833333333333333, 
            "learning_time": 6033.65283203125, 
            "nrmse": 0.16270438350591634
        }, 
        "run_4": {
            "accuracy": 0.8, 
            "learning_time": 6005.9150390625, 
            "nrmse": 0.1675832588027237
        }, 
        "run_5": {
            "accuracy": 0.7966101694915254, 
            "learning_time": 6123.55908203125, 
            "nrmse": 0.17879828761147482
        }
    }
}