{
    "average_accuracy": 0.6382269432147927, 
    "average_error": 0.2076740308280955, 
    "average_learning_time": 8.396397607421875, 
    "average_nrmse": 0.16914927433881757, 
    "runs": {
        "run_1": {
            "accuracy": 0.8275862068965517, 
            "average_error": 0.16144938947704912, 
            "learning_time": 7737.93603515625, 
            "nrmse": 0.15870828857044933
        }, 
        "run_2": {
            "accuracy": 0.5087719298245614, 
            "average_error": 0.23572605465820456, 
            "learning_time": 8831.675048828125, 
            "nrmse": 0.17185055077889605
        }, 
        "run_3": {
            "accuracy": 0.75, 
            "average_error": 0.1764085771067824, 
            "learning_time": 7667.5087890625, 
            "nrmse": 0.158010721383478
        }, 
        "run_4": {
            "accuracy": 0.5454545454545454, 
            "average_error": 0.2293016920487057, 
            "learning_time": 8552.947998046875, 
            "nrmse": 0.1729907514245185
        }, 
        "run_5": {
            "accuracy": 0.559322033898305, 
            "average_error": 0.2354844408497357, 
            "learning_time": 9191.920166015625, 
            "nrmse": 0.18418605953674588
        }
    }
}