{
    "average_accuracy": 0.8129465788197713, 
    "average_error": 0.1530822388559775, 
    "average_learning_time": 8.752342578125, 
    "average_nrmse": 0.1445894432749147, 
    "runs": {
        "run_1": {
            "accuracy": 0.8709677419354839, 
            "average_error": 0.14358844331098647, 
            "learning_time": 9041.2412109375, 
            "nrmse": 0.14722748962260407
        }, 
        "run_2": {
            "accuracy": 0.7307692307692307, 
            "average_error": 0.16991448044286947, 
            "learning_time": 9309.390869140625, 
            "nrmse": 0.14508540824589455
        }, 
        "run_3": {
            "accuracy": 0.7666666666666667, 
            "average_error": 0.1528425543531363, 
            "learning_time": 8682.908935546875, 
            "nrmse": 0.13271985960808702
        }, 
        "run_4": {
            "accuracy": 0.9032258064516129, 
            "average_error": 0.13306756311384543, 
            "learning_time": 8500.41796875, 
            "nrmse": 0.14214090550521002
        }, 
        "run_5": {
            "accuracy": 0.7931034482758621, 
            "average_error": 0.16599815305904983, 
            "learning_time": 8227.75390625, 
            "nrmse": 0.15577355339277782
        }
    }
}