{
    "average_accuracy": 0.5883542645504725, 
    "average_error": 0.2577752044401067, 
    "average_learning_time": 8.7694662109375, 
    "average_nrmse": 0.2193075716877515, 
    "runs": {
        "run_1": {
            "accuracy": 0.6091954022988506, 
            "average_error": 0.25680815928970063, 
            "learning_time": 9247.909912109375, 
            "nrmse": 0.22330904968683843
        }, 
        "run_2": {
            "accuracy": 0.6704545454545454, 
            "average_error": 0.23289820974853295, 
            "learning_time": 7790.305908203125, 
            "nrmse": 0.20873639854930257
        }, 
        "run_3": {
            "accuracy": 0.6129032258064516, 
            "average_error": 0.2437874864993832, 
            "learning_time": 9643.869140625, 
            "nrmse": 0.20796016457584188
        }, 
        "run_4": {
            "accuracy": 0.6024096385542169, 
            "average_error": 0.2495289932149501, 
            "learning_time": 8565.150146484375, 
            "nrmse": 0.21251365115724183
        }, 
        "run_5": {
            "accuracy": 0.44680851063829785, 
            "average_error": 0.3058531734479666, 
            "learning_time": 8600.095947265625, 
            "nrmse": 0.24401859446953267
        }
    }
}