{
    "average_accuracy": 0.7830786860198625, 
    "average_error": 0.1576588772879058, 
    "average_learning_time": 9.034935693359376, 
    "average_nrmse": 0.1428432681148479, 
    "runs": {
        "run_1": {
            "accuracy": 0.8571428571428571, 
            "average_error": 0.15081835421041784, 
            "learning_time": 8333.244873046875, 
            "nrmse": 0.15280865704873658
        }, 
        "run_2": {
            "accuracy": 0.75, 
            "average_error": 0.16374560101885924, 
            "learning_time": 10112.828125, 
            "nrmse": 0.14218200127357405
        }, 
        "run_3": {
            "accuracy": 0.9090909090909091, 
            "average_error": 0.11790389242052708, 
            "learning_time": 8542.76318359375, 
            "nrmse": 0.12465259279838611
        }, 
        "run_4": {
            "accuracy": 0.9285714285714286, 
            "average_error": 0.11816578619429297, 
            "learning_time": 8624.2041015625, 
            "nrmse": 0.12985008988572336
        }, 
        "run_5": {
            "accuracy": 0.47058823529411764, 
            "average_error": 0.237660752595432, 
            "learning_time": 9561.63818359375, 
            "nrmse": 0.16472299956781944
        }
    }
}