{
    "average_accuracy": 0.9032258064516129, 
    "average_learning_time": 5.643677978515625, 
    "average_mse": 0.15954665585952343, 
    "runs": {
        "run_1": {
            "accuracy": 0.9032258064516129, 
            "learning_time": 5643.677978515625, 
            "mse": 0.15954665585952343
        }
    }
}