{
    "average_accuracy": 0.595585773944151, 
    "average_learning_time": 6.004728369140625, 
    "average_nrmse": 0.21264011203181066, 
    "runs": {
        "run_1": {
            "accuracy": 0.6206896551724138, 
            "learning_time": 6373.816162109375, 
            "nrmse": 0.22752886965386065
        }, 
        "run_2": {
            "accuracy": 0.5681818181818182, 
            "learning_time": 6060.416015625, 
            "nrmse": 0.22944414881260397
        }, 
        "run_3": {
            "accuracy": 0.6774193548387096, 
            "learning_time": 6017.37109375, 
            "nrmse": 0.1929698578597648
        }, 
        "run_4": {
            "accuracy": 0.5903614457831325, 
            "learning_time": 5897.138916015625, 
            "nrmse": 0.21487741591129375
        }, 
        "run_5": {
            "accuracy": 0.5212765957446809, 
            "learning_time": 5674.899658203125, 
            "nrmse": 0.1983802679215301
        }
    }
}