{
    "average_accuracy": 0.8683608567924475, 
    "average_learning_time": 6.2407728515625, 
    "average_nrmse": 0.13439299993027745, 
    "runs": {
        "run_1": {
            "accuracy": 0.9354838709677419, 
            "learning_time": 6565.662109375, 
            "nrmse": 0.14480965181121302
        }, 
        "run_2": {
            "accuracy": 0.8076923076923077, 
            "learning_time": 6056.97216796875, 
            "nrmse": 0.13895739260342296
        }, 
        "run_3": {
            "accuracy": 0.8333333333333334, 
            "learning_time": 6514.12109375, 
            "nrmse": 0.11935889671486546
        }, 
        "run_4": {
            "accuracy": 0.9032258064516129, 
            "learning_time": 6073.3798828125, 
            "nrmse": 0.12627793968332823
        }, 
        "run_5": {
            "accuracy": 0.8620689655172413, 
            "learning_time": 5993.72900390625, 
            "nrmse": 0.14256111883855763
        }
    }
}