{
    "average_accuracy": 0.8744444444444444, 
    "average_learning_time": 6.1694980957031245, 
    "average_nrmse": 0.13860751343786293, 
    "runs": {
        "run_1": {
            "accuracy": 0.8888888888888888, 
            "learning_time": 6469.203125, 
            "nrmse": 0.1512183110169417
        }, 
        "run_2": {
            "accuracy": 0.8333333333333334, 
            "learning_time": 6222.019775390625, 
            "nrmse": 0.12580717866321772
        }, 
        "run_3": {
            "accuracy": 0.8444444444444444, 
            "learning_time": 6100.474853515625, 
            "nrmse": 0.13668938411374412
        }, 
        "run_4": {
            "accuracy": 0.9166666666666666, 
            "learning_time": 6091.781982421875, 
            "nrmse": 0.14473398044106126
        }, 
        "run_5": {
            "accuracy": 0.8888888888888888, 
            "learning_time": 5964.0107421875, 
            "nrmse": 0.13458871295434993
        }
    }
}