{
    "average_accuracy": 0.6427525921297466, 
    "average_error": 0.22686847442493746, 
    "average_learning_time": 8.744565185546875, 
    "average_nrmse": 0.19427374106360842, 
    "runs": {
        "run_1": {
            "accuracy": 0.5131578947368421, 
            "average_error": 0.2546780207902795, 
            "learning_time": 9375.812255859375, 
            "nrmse": 0.1966369996720599
        }, 
        "run_2": {
            "accuracy": 0.45714285714285713, 
            "average_error": 0.2673751377475184, 
            "learning_time": 8680.05517578125, 
            "nrmse": 0.19850463647011232
        }, 
        "run_3": {
            "accuracy": 0.7375, 
            "average_error": 0.20431654877719527, 
            "learning_time": 7862.5810546875, 
            "nrmse": 0.1897706859714941
        }, 
        "run_4": {
            "accuracy": 0.7971014492753623, 
            "average_error": 0.1768851338193048, 
            "learning_time": 8235.297119140625, 
            "nrmse": 0.17038177959297157
        }, 
        "run_5": {
            "accuracy": 0.7088607594936709, 
            "average_error": 0.23108753099038917, 
            "learning_time": 9569.080322265625, 
            "nrmse": 0.21607460361140418
        }
    }
}