{
    "average_accuracy": 0.9041125541125542, 
    "average_learning_time": 6.300068994140625, 
    "average_nrmse": 0.12662652838212823, 
    "runs": {
        "run_1": {
            "accuracy": 0.8571428571428571, 
            "learning_time": 6681.27294921875, 
            "nrmse": 0.12189351574475171
        }, 
        "run_2": {
            "accuracy": 0.9166666666666666, 
            "learning_time": 6151.1650390625, 
            "nrmse": 0.14666542054557763
        }, 
        "run_3": {
            "accuracy": 0.8181818181818182, 
            "learning_time": 6254.849853515625, 
            "nrmse": 0.11533899731057631
        }, 
        "run_4": {
            "accuracy": 0.9285714285714286, 
            "learning_time": 6213.987060546875, 
            "nrmse": 0.12275718096074456
        }, 
        "run_5": {
            "accuracy": 1.0, 
            "learning_time": 6199.070068359375, 
            "nrmse": 0.12647752734899084
        }
    }
}