{
    "average_accuracy": 0.7508333333333334, 
    "average_error": 0.17126757142889346, 
    "average_learning_time": 8.307957470703125, 
    "average_nrmse": 0.15179279761945016, 
    "runs": {
        "run_1": {
            "accuracy": 0.8444444444444444, 
            "average_error": 0.16716667715674774, 
            "learning_time": 8114.68505859375, 
            "nrmse": 0.17006945755704578
        }, 
        "run_2": {
            "accuracy": 0.5, 
            "average_error": 0.22160292020047417, 
            "learning_time": 7892.8330078125, 
            "nrmse": 0.1520036502505927
        }, 
        "run_3": {
            "accuracy": 0.8222222222222222, 
            "average_error": 0.13441668773321203, 
            "learning_time": 7499.541015625, 
            "nrmse": 0.12357641522207059
        }, 
        "run_4": {
            "accuracy": 0.8541666666666666, 
            "average_error": 0.15608190761100466, 
            "learning_time": 8884.067138671875, 
            "nrmse": 0.1586440511804225
        }, 
        "run_5": {
            "accuracy": 0.7333333333333333, 
            "average_error": 0.1770696644430288, 
            "learning_time": 9148.6611328125, 
            "nrmse": 0.1546704138871193
        }
    }
}