{
    "average_accuracy": 0.7159299631853437, 
    "average_learning_time": 6.1416056640625, 
    "average_nrmse": 0.19369403872338975, 
    "runs": {
        "run_1": {
            "accuracy": 0.5921052631578947, 
            "learning_time": 6468.676025390625, 
            "nrmse": 0.20857010017896616
        }, 
        "run_2": {
            "accuracy": 0.7285714285714285, 
            "learning_time": 6161.189208984375, 
            "nrmse": 0.19648730731435426
        }, 
        "run_3": {
            "accuracy": 0.7875, 
            "learning_time": 6085.97998046875, 
            "nrmse": 0.18789172277691032
        }, 
        "run_4": {
            "accuracy": 0.7246376811594203, 
            "learning_time": 6023.84912109375, 
            "nrmse": 0.18804914042648588
        }, 
        "run_5": {
            "accuracy": 0.7468354430379747, 
            "learning_time": 5968.333984375, 
            "nrmse": 0.1874719229202321
        }
    }
}