{
    "average_accuracy": 0.6633815075677972, 
    "average_error": 0.19614182086322166, 
    "average_learning_time": 32.32890224609375, 
    "average_nrmse": 0.1727290422683915, 
    "runs": {
        "run_1": {
            "accuracy": 0.6571428571428571, 
            "average_error": 0.19238223703278523, 
            "learning_time": 32723.60302734375, 
            "nrmse": 0.167303086062059
        }, 
        "run_2": {
            "accuracy": 0.7247706422018348, 
            "average_error": 0.1930420967334024, 
            "learning_time": 31358.955078125, 
            "nrmse": 0.1793442198892753
        }, 
        "run_3": {
            "accuracy": 0.6526315789473685, 
            "average_error": 0.1900446300477828, 
            "learning_time": 32003.5849609375, 
            "nrmse": 0.16382399821364133
        }, 
        "run_4": {
            "accuracy": 0.5833333333333334, 
            "average_error": 0.2174906250084265, 
            "learning_time": 32880.95703125, 
            "nrmse": 0.18429461806538647
        }, 
        "run_5": {
            "accuracy": 0.6990291262135923, 
            "average_error": 0.18774951549371138, 
            "learning_time": 32677.4111328125, 
            "nrmse": 0.1688792891115953
        }
    }
}