{
    "average_accuracy": 0.6309304592201088, 
    "average_learning_time": 35.62186801757812, 
    "average_nrmse": 0.16929815802838938, 
    "runs": {
        "run_1": {
            "accuracy": 0.6476190476190476, 
            "learning_time": 35539.1298828125, 
            "nrmse": 0.17610083397667017
        }, 
        "run_2": {
            "accuracy": 0.6238532110091743, 
            "learning_time": 35131.961181640625, 
            "nrmse": 0.15602064165767573
        }, 
        "run_3": {
            "accuracy": 0.6105263157894737, 
            "learning_time": 35046.02587890625, 
            "nrmse": 0.1639033608881387
        }, 
        "run_4": {
            "accuracy": 0.5833333333333334, 
            "learning_time": 35515.328125, 
            "nrmse": 0.17752029797979796
        }, 
        "run_5": {
            "accuracy": 0.6893203883495146, 
            "learning_time": 36876.89501953125, 
            "nrmse": 0.17294565563966438
        }
    }
}