{
    "average_accuracy": 0.4784247307436596, 
    "average_learning_time": 36.49227524414063, 
    "average_nrmse": 0.2038300056936774, 
    "runs": {
        "run_1": {
            "accuracy": 0.4009433962264151, 
            "learning_time": 35527.317138671875, 
            "nrmse": 0.20263560785347426
        }, 
        "run_2": {
            "accuracy": 0.47641509433962265, 
            "learning_time": 36695.12890625, 
            "nrmse": 0.20597812859979503
        }, 
        "run_3": {
            "accuracy": 0.4714285714285714, 
            "learning_time": 36471.7529296875, 
            "nrmse": 0.19495494788802803
        }, 
        "run_4": {
            "accuracy": 0.494949494949495, 
            "learning_time": 36941.804931640625, 
            "nrmse": 0.20944159840109797
        }, 
        "run_5": {
            "accuracy": 0.5483870967741935, 
            "learning_time": 36825.372314453125, 
            "nrmse": 0.20613974572599172
        }
    }
}