{
    "average_accuracy": 0.6674722242090455, 
    "average_learning_time": 37.4254671875, 
    "average_nrmse": 0.15956256302590405, 
    "runs": {
        "run_1": {
            "accuracy": 0.696969696969697, 
            "learning_time": 35675.4091796875, 
            "nrmse": 0.1450658543885616
        }, 
        "run_2": {
            "accuracy": 0.6585365853658537, 
            "learning_time": 38334.02099609375, 
            "nrmse": 0.14340427075271409
        }, 
        "run_3": {
            "accuracy": 0.6451612903225806, 
            "learning_time": 38235.087158203125, 
            "nrmse": 0.15651330158009266
        }, 
        "run_4": {
            "accuracy": 0.5625, 
            "learning_time": 38466.46875, 
            "nrmse": 0.1838516079200039
        }, 
        "run_5": {
            "accuracy": 0.7741935483870968, 
            "learning_time": 36416.349853515625, 
            "nrmse": 0.16897778048814802
        }
    }
}