{
    "average_accuracy": 0.524384792189207, 
    "average_error": 0.22960859954528123, 
    "average_learning_time": 29.585927636718747, 
    "average_nrmse": 0.1886074981676959, 
    "runs": {
        "run_1": {
            "accuracy": 0.46153846153846156, 
            "average_error": 0.24266754107874863, 
            "learning_time": 29794.011962890625, 
            "nrmse": 0.1933685415149503
        }, 
        "run_2": {
            "accuracy": 0.6033519553072626, 
            "average_error": 0.22074015527304072, 
            "learning_time": 29673.01708984375, 
            "nrmse": 0.19142217370309125
        }, 
        "run_3": {
            "accuracy": 0.5581395348837209, 
            "average_error": 0.20881328006453925, 
            "learning_time": 29558.116943359375, 
            "nrmse": 0.16997208255591598
        }, 
        "run_4": {
            "accuracy": 0.49032258064516127, 
            "average_error": 0.2425870727666026, 
            "learning_time": 29076.18408203125, 
            "nrmse": 0.1980720150018966
        }, 
        "run_5": {
            "accuracy": 0.5085714285714286, 
            "average_error": 0.23323494854347482, 
            "learning_time": 29828.30810546875, 
            "nrmse": 0.1902026780626254
        }
    }
}