{
    "average_accuracy": 0.6893277781751426, 
    "average_error": 0.18685440448575208, 
    "average_learning_time": 33.151617968749996, 
    "average_nrmse": 0.1662181015959012, 
    "runs": {
        "run_1": {
            "accuracy": 0.6060606060606061, 
            "average_error": 0.19232523273469207, 
            "learning_time": 33841.1640625, 
            "nrmse": 0.1587228725339084
        }, 
        "run_2": {
            "accuracy": 0.7317073170731707, 
            "average_error": 0.1796991689958014, 
            "learning_time": 33131.748779296875, 
            "nrmse": 0.1649335833406301
        }, 
        "run_3": {
            "accuracy": 0.7096774193548387, 
            "average_error": 0.17099017492933394, 
            "learning_time": 33458.447998046875, 
            "nrmse": 0.15110144064336273
        }, 
        "run_4": {
            "accuracy": 0.625, 
            "average_error": 0.21678283716642577, 
            "learning_time": 32719.85498046875, 
            "nrmse": 0.19041331002749673
        }, 
        "run_5": {
            "accuracy": 0.7741935483870968, 
            "average_error": 0.17447460860250735, 
            "learning_time": 32606.8740234375, 
            "nrmse": 0.16591930143410807
        }
    }
}