{
    "average_accuracy": 0.5660253329685287, 
    "average_learning_time": 36.17984384765625, 
    "average_nrmse": 0.18196932985704456, 
    "runs": {
        "run_1": {
            "accuracy": 0.56, 
            "learning_time": 36201.736083984375, 
            "nrmse": 0.1774109243365782
        }, 
        "run_2": {
            "accuracy": 0.5069444444444444, 
            "learning_time": 36272.277099609375, 
            "nrmse": 0.1803543320930835
        }, 
        "run_3": {
            "accuracy": 0.5658914728682171, 
            "learning_time": 35364.795166015625, 
            "nrmse": 0.16980476432442326
        }, 
        "run_4": {
            "accuracy": 0.6033057851239669, 
            "learning_time": 36516.208984375, 
            "nrmse": 0.1857676727394704
        }, 
        "run_5": {
            "accuracy": 0.5939849624060151, 
            "learning_time": 36544.201904296875, 
            "nrmse": 0.19650895579166752
        }
    }
}