{
    "average_accuracy": 0.5090015360983102, 
    "average_error": 0.23938251308471187, 
    "average_learning_time": 30.06388720703125, 
    "average_nrmse": 0.19744652128188217, 
    "runs": {
        "run_1": {
            "accuracy": 0.5094339622641509, 
            "average_error": 0.24199052109840608, 
            "learning_time": 30187.9130859375, 
            "nrmse": 0.20056126832549892
        }, 
        "run_2": {
            "accuracy": 0.49056603773584906, 
            "average_error": 0.2578140673750537, 
            "learning_time": 29942.158203125, 
            "nrmse": 0.2158774182268708
        }, 
        "run_3": {
            "accuracy": 0.5380952380952381, 
            "average_error": 0.22422214450547204, 
            "learning_time": 29773.579833984375, 
            "nrmse": 0.1846083749389237
        }, 
        "run_4": {
            "accuracy": 0.5, 
            "average_error": 0.2350317810468601, 
            "learning_time": 30435.947021484375, 
            "nrmse": 0.19087041122133677
        }, 
        "run_5": {
            "accuracy": 0.5069124423963134, 
            "average_error": 0.23785405139776736, 
            "learning_time": 29979.837890625, 
            "nrmse": 0.1953151336967808
        }
    }
}