{
    "average_accuracy": 0.5515311219942353, 
    "average_error": 0.2163565559039493, 
    "average_learning_time": 31.667192333984374, 
    "average_nrmse": 0.17767116888698015, 
    "runs": {
        "run_1": {
            "accuracy": 0.52, 
            "average_error": 0.22611647246262262, 
            "learning_time": 32451.358154296875, 
            "nrmse": 0.18380255120639308
        }, 
        "run_2": {
            "accuracy": 0.4444444444444444, 
            "average_error": 0.23172785034075233, 
            "learning_time": 31703.302734375, 
            "nrmse": 0.17775656613828514
        }, 
        "run_3": {
            "accuracy": 0.5891472868217055, 
            "average_error": 0.20090133472608546, 
            "learning_time": 31321.830078125, 
            "nrmse": 0.16590943831738394
        }, 
        "run_4": {
            "accuracy": 0.5950413223140496, 
            "average_error": 0.212418430370141, 
            "learning_time": 32311.018798828125, 
            "nrmse": 0.1803283891508394
        }, 
        "run_5": {
            "accuracy": 0.6090225563909775, 
            "average_error": 0.21061869162014532, 
            "learning_time": 30548.451904296875, 
            "nrmse": 0.1805588996219991
        }
    }
}