{
    "average_accuracy": 0.5467655716188241, 
    "average_learning_time": 35.846933544921875, 
    "average_nrmse": 0.18716244325296608, 
    "runs": {
        "run_1": {
            "accuracy": 0.5384615384615384, 
            "learning_time": 36789.19384765625, 
            "nrmse": 0.18985734304235635
        }, 
        "run_2": {
            "accuracy": 0.5810055865921788, 
            "learning_time": 35696.71484375, 
            "nrmse": 0.18493814918867812
        }, 
        "run_3": {
            "accuracy": 0.5581395348837209, 
            "learning_time": 35351.185791015625, 
            "nrmse": 0.17651950076869616
        }, 
        "run_4": {
            "accuracy": 0.5419354838709678, 
            "learning_time": 34614.468017578125, 
            "nrmse": 0.186279107607481
        }, 
        "run_5": {
            "accuracy": 0.5142857142857142, 
            "learning_time": 36783.105224609375, 
            "nrmse": 0.1982181156576187
        }
    }
}