{
    "average_accuracy": 0.7137527981277981, 
    "average_learning_time": 36.83845883789063, 
    "average_nrmse": 0.16348169624049955, 
    "runs": {
        "run_1": {
            "accuracy": 0.6714285714285714, 
            "learning_time": 37836.553955078125, 
            "nrmse": 0.16513597519040238
        }, 
        "run_2": {
            "accuracy": 0.8148148148148148, 
            "learning_time": 34322.419921875, 
            "nrmse": 0.15742913278875748
        }, 
        "run_3": {
            "accuracy": 0.578125, 
            "learning_time": 37067.6181640625, 
            "nrmse": 0.15528010510258064
        }, 
        "run_4": {
            "accuracy": 0.6615384615384615, 
            "learning_time": 37554.59716796875, 
            "nrmse": 0.1751977098031411
        }, 
        "run_5": {
            "accuracy": 0.8428571428571429, 
            "learning_time": 37411.10498046875, 
            "nrmse": 0.16436555831761626
        }
    }
}