{
    "average_learning_time": 156.47005590820314, 
    "average_nrmse": 0.15093675113554897, 
    "runs": {
        "run_1": {
            "learning_time": 156745.31884765625, 
            "nrmse": 0.14906432546967938
        }, 
        "run_2": {
            "learning_time": 156596.40283203125, 
            "nrmse": 0.14754904943838845
        }, 
        "run_3": {
            "learning_time": 155928.05004882812, 
            "nrmse": 0.15053627853753565
        }, 
        "run_4": {
            "learning_time": 156099.2529296875, 
            "nrmse": 0.15399464427732062
        }, 
        "run_5": {
            "learning_time": 156981.2548828125, 
            "nrmse": 0.15353945795482066
        }
    }
}