{
    "average_learning_time": 157.36608432617186, 
    "average_nrmse": 0.14221975586116936, 
    "runs": {
        "run_1": {
            "learning_time": 156847.28002929688, 
            "nrmse": 0.14520725639184087
        }, 
        "run_2": {
            "learning_time": 156550.83422851562, 
            "nrmse": 0.14006643570023336
        }, 
        "run_3": {
            "learning_time": 156286.73706054688, 
            "nrmse": 0.1461914563852674
        }, 
        "run_4": {
            "learning_time": 156708.830078125, 
            "nrmse": 0.1375799514699597
        }, 
        "run_5": {
            "learning_time": 160436.740234375, 
            "nrmse": 0.14205367935854546
        }
    }
}