{
    "average_learning_time": 156.7204145996094, 
    "average_nrmse": 0.16101817501860796, 
    "runs": {
        "run_1": {
            "learning_time": 156148.92602539062, 
            "nrmse": 0.1610357322343045
        }, 
        "run_2": {
            "learning_time": 157238.671875, 
            "nrmse": 0.1543706539206584
        }, 
        "run_3": {
            "learning_time": 156664.92016601562, 
            "nrmse": 0.16578332991483602
        }, 
        "run_4": {
            "learning_time": 157330.57006835938, 
            "nrmse": 0.15911372571138277
        }, 
        "run_5": {
            "learning_time": 156218.98486328125, 
            "nrmse": 0.16478743331185808
        }
    }
}