{
    "average_learning_time": 156.71075659179687, 
    "average_nrmse": 0.14530244581387433, 
    "runs": {
        "run_1": {
            "learning_time": 157292.46484375, 
            "nrmse": 0.14368690354109054
        }, 
        "run_2": {
            "learning_time": 156967.40405273438, 
            "nrmse": 0.14594226920353187
        }, 
        "run_3": {
            "learning_time": 156372.25903320312, 
            "nrmse": 0.14248258471318492
        }, 
        "run_4": {
            "learning_time": 156423.65600585938, 
            "nrmse": 0.14301309922155198
        }, 
        "run_5": {
            "learning_time": 156497.9990234375, 
            "nrmse": 0.15138737239001235
        }
    }
}