{
    "average_learning_time": 157.15638916015624, 
    "average_nrmse": 0.13723992874489763, 
    "runs": {
        "run_1": {
            "learning_time": 157680.30981445312, 
            "nrmse": 0.13657269131483432
        }, 
        "run_2": {
            "learning_time": 157361.80712890625, 
            "nrmse": 0.13616510378177465
        }, 
        "run_3": {
            "learning_time": 156820.27587890625, 
            "nrmse": 0.13639830942164158
        }, 
        "run_4": {
            "learning_time": 157187.42602539062, 
            "nrmse": 0.13440527128032737
        }, 
        "run_5": {
            "learning_time": 156732.126953125, 
            "nrmse": 0.14265826792591024
        }
    }
}