{
    "average_learning_time": 156.56285297851562, 
    "average_nrmse": 0.15722025747543236, 
    "runs": {
        "run_1": {
            "learning_time": 157201.38208007812, 
            "nrmse": 0.15949338810641198
        }, 
        "run_2": {
            "learning_time": 155939.52026367188, 
            "nrmse": 0.15507253800471074
        }, 
        "run_3": {
            "learning_time": 156658.79907226562, 
            "nrmse": 0.15780985134621447
        }, 
        "run_4": {
            "learning_time": 155963.54272460938, 
            "nrmse": 0.15439022985132894
        }, 
        "run_5": {
            "learning_time": 157051.02075195312, 
            "nrmse": 0.15933528006849573
        }
    }
}