{
    "average_learning_time": 210.85498837890626, 
    "average_test_ll": -3163.0440163018307, 
    "folds": {
        "fold_1": {
            "learning_time": 209357.61010742188, 
            "test_ll": -3076.5769937814403
        }, 
        "fold_10": {
            "learning_time": 211613.13208007812, 
            "test_ll": -3042.201306294037
        }, 
        "fold_2": {
            "learning_time": 211377.82275390625, 
            "test_ll": -3368.9081758032908
        }, 
        "fold_3": {
            "learning_time": 210054.8310546875, 
            "test_ll": -3579.473899027087
        }, 
        "fold_4": {
            "learning_time": 210442.20385742188, 
            "test_ll": -2954.414062399329
        }, 
        "fold_5": {
            "learning_time": 210456.5009765625, 
            "test_ll": -2951.539311386602
        }, 
        "fold_6": {
            "learning_time": 211672.12890625, 
            "test_ll": -2848.4516422384113
        }, 
        "fold_7": {
            "learning_time": 211488.11303710938, 
            "test_ll": -3539.436562414974
        }, 
        "fold_8": {
            "learning_time": 211494.02197265625, 
            "test_ll": -2863.802768880958
        }, 
        "fold_9": {
            "learning_time": 210593.51904296875, 
            "test_ll": -3405.6354407921754
        }
    }
}