{
    "average_accuracy": 0.7345534934885849, 
    "average_learning_time": 120.27482309570311, 
    "average_nrmse": 0.14365472365176474, 
    "runs": {
        "run_1": {
            "accuracy": 0.7310924369747899, 
            "learning_time": 116413.31982421875, 
            "nrmse": 0.14107964938415424
        }, 
        "run_2": {
            "accuracy": 0.7837837837837838, 
            "learning_time": 131855.36474609375, 
            "nrmse": 0.14522812683011518
        }, 
        "run_3": {
            "accuracy": 0.717948717948718, 
            "learning_time": 114450.09985351562, 
            "nrmse": 0.14844124650597126
        }, 
        "run_4": {
            "accuracy": 0.6982758620689655, 
            "learning_time": 122713.86499023438, 
            "nrmse": 0.1444782525385232
        }, 
        "run_5": {
            "accuracy": 0.7416666666666667, 
            "learning_time": 115941.46606445312, 
            "nrmse": 0.13904634300005989
        }
    }
}