{
    "average_accuracy": 0.7155909566623853, 
    "average_learning_time": 118.61892983398438, 
    "average_nrmse": 0.1329247702426577, 
    "runs": {
        "run_1": {
            "accuracy": 0.6161616161616161, 
            "learning_time": 118983.48901367188, 
            "nrmse": 0.12849595732942154
        }, 
        "run_2": {
            "accuracy": 0.7802197802197802, 
            "learning_time": 117943.64282226562, 
            "nrmse": 0.13195556735869454
        }, 
        "run_3": {
            "accuracy": 0.6632653061224489, 
            "learning_time": 115783.37719726562, 
            "nrmse": 0.12981273911950433
        }, 
        "run_4": {
            "accuracy": 0.7708333333333334, 
            "learning_time": 118729.9482421875, 
            "nrmse": 0.14311048375929256
        }, 
        "run_5": {
            "accuracy": 0.7474747474747475, 
            "learning_time": 121654.19189453125, 
            "nrmse": 0.13124910364637554
        }
    }
}