{
    "average_accuracy": 0.7170744929673502, 
    "average_error": 0.14189145008170617, 
    "average_learning_time": 132.1058572265625, 
    "average_nrmse": 0.1354808111293906, 
    "runs": {
        "run_1": {
            "accuracy": 0.6060606060606061, 
            "average_error": 0.15213772442565188, 
            "learning_time": 131633.89013671875, 
            "nrmse": 0.1411467394477545
        }, 
        "run_2": {
            "accuracy": 0.7472527472527473, 
            "average_error": 0.13654109184630506, 
            "learning_time": 129470.01611328125, 
            "nrmse": 0.13125899362353471
        }, 
        "run_3": {
            "accuracy": 0.7551020408163265, 
            "average_error": 0.13486614349290213, 
            "learning_time": 126414.78491210938, 
            "nrmse": 0.1298646973251398
        }, 
        "run_4": {
            "accuracy": 0.7395833333333334, 
            "average_error": 0.14944474031966679, 
            "learning_time": 134534.89794921875, 
            "nrmse": 0.14440056184934863
        }, 
        "run_5": {
            "accuracy": 0.7373737373737373, 
            "average_error": 0.13646755032400504, 
            "learning_time": 138475.69702148438, 
            "nrmse": 0.13073306340117516
        }
    }
}