{
    "average_accuracy": 0.7069896449511055, 
    "average_error": 0.15341079276720346, 
    "average_learning_time": 127.85075180664062, 
    "average_nrmse": 0.1470653581180357, 
    "runs": {
        "run_1": {
            "accuracy": 0.6974789915966386, 
            "average_error": 0.15546941184194224, 
            "learning_time": 127274.96313476562, 
            "nrmse": 0.14878524836187773
        }, 
        "run_2": {
            "accuracy": 0.7477477477477478, 
            "average_error": 0.14568641798055945, 
            "learning_time": 128822.64990234375, 
            "nrmse": 0.14084251642275525
        }, 
        "run_3": {
            "accuracy": 0.6923076923076923, 
            "average_error": 0.16326467742177495, 
            "learning_time": 122080.1689453125, 
            "nrmse": 0.15669978513675073
        }, 
        "run_4": {
            "accuracy": 0.6724137931034483, 
            "average_error": 0.15186827591082946, 
            "learning_time": 134546.94506835938, 
            "nrmse": 0.14388109722966028
        }, 
        "run_5": {
            "accuracy": 0.725, 
            "average_error": 0.1507651806809113, 
            "learning_time": 126529.03198242188, 
            "nrmse": 0.14511814343913454
        }
    }
}