{
    "average_accuracy": 0.6874025974025975, 
    "average_learning_time": 143.85102055664063, 
    "average_nrmse": 0.1063489989132113, 
    "runs": {
        "run_1": {
            "accuracy": 0.7142857142857143, 
            "learning_time": 135481.966796875, 
            "nrmse": 0.11189787067664424
        }, 
        "run_2": {
            "accuracy": 0.7, 
            "learning_time": 143239.31201171875, 
            "nrmse": 0.10687594294876389
        }, 
        "run_3": {
            "accuracy": 0.7727272727272727, 
            "learning_time": 147223.951171875, 
            "nrmse": 0.10613352123952496
        }, 
        "run_4": {
            "accuracy": 0.75, 
            "learning_time": 145794.24291992188, 
            "nrmse": 0.10063051755645139
        }, 
        "run_5": {
            "accuracy": 0.5, 
            "learning_time": 147515.6298828125, 
            "nrmse": 0.1062071421446721
        }
    }
}