{
    "average_accuracy": 0.747400642774145, 
    "average_error": 0.12431057143108863, 
    "average_learning_time": 128.25267724609375, 
    "average_nrmse": 0.11847926298587197, 
    "runs": {
        "run_1": {
            "accuracy": 0.7457627118644068, 
            "average_error": 0.12005511190325195, 
            "learning_time": 125747.51879882812, 
            "nrmse": 0.11395592207450916
        }, 
        "run_2": {
            "accuracy": 0.8269230769230769, 
            "average_error": 0.11846614399982552, 
            "learning_time": 126940.48095703125, 
            "nrmse": 0.11598383585995746
        }, 
        "run_3": {
            "accuracy": 0.7794117647058824, 
            "average_error": 0.12429979305290409, 
            "learning_time": 132845.17309570312, 
            "nrmse": 0.11992304567830346
        }, 
        "run_4": {
            "accuracy": 0.8, 
            "average_error": 0.12536900792263259, 
            "learning_time": 132861.45532226562, 
            "nrmse": 0.12197669010093405
        }, 
        "run_5": {
            "accuracy": 0.5849056603773585, 
            "average_error": 0.133362800276829, 
            "learning_time": 122868.75805664062, 
            "nrmse": 0.12055682121565571
        }
    }
}