{
    "average_accuracy": 0.7037196650161992, 
    "average_error": 0.1311642696295982, 
    "average_learning_time": 130.20280180664062, 
    "average_nrmse": 0.1236589939316799, 
    "runs": {
        "run_1": {
            "accuracy": 0.7195121951219512, 
            "average_error": 0.12616827601312855, 
            "learning_time": 128891.1279296875, 
            "nrmse": 0.11915375197381399
        }, 
        "run_2": {
            "accuracy": 0.7105263157894737, 
            "average_error": 0.12712051725567805, 
            "learning_time": 129325.58325195312, 
            "nrmse": 0.11974082784863947
        }, 
        "run_3": {
            "accuracy": 0.6904761904761905, 
            "average_error": 0.12434714499930923, 
            "learning_time": 130875.833984375, 
            "nrmse": 0.11593002388455922
        }, 
        "run_4": {
            "accuracy": 0.7195121951219512, 
            "average_error": 0.14290250955036132, 
            "learning_time": 140915.36572265625, 
            "nrmse": 0.13664863249001188
        }, 
        "run_5": {
            "accuracy": 0.6785714285714286, 
            "average_error": 0.13528290032951396, 
            "learning_time": 121006.09814453125, 
            "nrmse": 0.12682173346137496
        }
    }
}