{
    "average_accuracy": 0.7438458081141008, 
    "average_learning_time": 139.32555600585937, 
    "average_nrmse": 0.11164096000086651, 
    "runs": {
        "run_1": {
            "accuracy": 0.825, 
            "learning_time": 147935.37622070312, 
            "nrmse": 0.10589256892771554
        }, 
        "run_2": {
            "accuracy": 0.7878787878787878, 
            "learning_time": 147662.71997070312, 
            "nrmse": 0.11030051833199563
        }, 
        "run_3": {
            "accuracy": 0.6829268292682927, 
            "learning_time": 137582.27783203125, 
            "nrmse": 0.10952403538875845
        }, 
        "run_4": {
            "accuracy": 0.7567567567567568, 
            "learning_time": 134593.4560546875, 
            "nrmse": 0.11507661565969839
        }, 
        "run_5": {
            "accuracy": 0.6666666666666666, 
            "learning_time": 128853.94995117188, 
            "nrmse": 0.11741106169616464
        }
    }
}