{
    "average_accuracy": 0.7147126172735929, 
    "average_error": 0.12050774501163468, 
    "average_learning_time": 132.45661474609375, 
    "average_nrmse": 0.113017761479145, 
    "runs": {
        "run_1": {
            "accuracy": 0.725, 
            "average_error": 0.11687297364752512, 
            "learning_time": 125045.07885742188, 
            "nrmse": 0.10968538154059444
        }, 
        "run_2": {
            "accuracy": 0.7575757575757576, 
            "average_error": 0.11882331914846848, 
            "learning_time": 135187.19409179688, 
            "nrmse": 0.11320509536320601
        }, 
        "run_3": {
            "accuracy": 0.6097560975609756, 
            "average_error": 0.13061206055348365, 
            "learning_time": 133487.56909179688, 
            "nrmse": 0.11881061319504999
        }, 
        "run_4": {
            "accuracy": 0.6756756756756757, 
            "average_error": 0.12539862753516945, 
            "learning_time": 135906.36572265625, 
            "nrmse": 0.11635655040838966
        }, 
        "run_5": {
            "accuracy": 0.8055555555555556, 
            "average_error": 0.11083174417352668, 
            "learning_time": 132656.86596679688, 
            "nrmse": 0.10703116688848495
        }
    }
}