{
    "average_accuracy": 0.7191790451739104, 
    "average_learning_time": 122.02679155273437, 
    "average_nrmse": 0.12237312910527018, 
    "runs": {
        "run_1": {
            "accuracy": 0.6341463414634146, 
            "learning_time": 115067.81909179688, 
            "nrmse": 0.11619393605874899
        }, 
        "run_2": {
            "accuracy": 0.8026315789473685, 
            "learning_time": 121229.77392578125, 
            "nrmse": 0.1191038612395507
        }, 
        "run_3": {
            "accuracy": 0.8333333333333334, 
            "learning_time": 114574.88110351562, 
            "nrmse": 0.11805656460264853
        }, 
        "run_4": {
            "accuracy": 0.6829268292682927, 
            "learning_time": 131885.83984375, 
            "nrmse": 0.13636468950361874
        }, 
        "run_5": {
            "accuracy": 0.6428571428571429, 
            "learning_time": 127375.64379882812, 
            "nrmse": 0.12214659412178396
        }
    }
}