{
    "average_accuracy": 0.7046634696780486, 
    "average_learning_time": 124.7065017578125, 
    "average_nrmse": 0.11737038401747919, 
    "runs": {
        "run_1": {
            "accuracy": 0.6440677966101694, 
            "learning_time": 117430.59887695312, 
            "nrmse": 0.11749970133781903
        }, 
        "run_2": {
            "accuracy": 0.7884615384615384, 
            "learning_time": 132952.50415039062, 
            "nrmse": 0.1147196121256367
        }, 
        "run_3": {
            "accuracy": 0.7058823529411765, 
            "learning_time": 125545.31298828125, 
            "nrmse": 0.114697247931201
        }, 
        "run_4": {
            "accuracy": 0.8, 
            "learning_time": 126155.3388671875, 
            "nrmse": 0.12008754833327061
        }, 
        "run_5": {
            "accuracy": 0.5849056603773585, 
            "learning_time": 121448.75390625, 
            "nrmse": 0.11984781035946858
        }
    }
}