{
    "average_accuracy": 0.6431274444384725, 
    "average_learning_time": 91.0946181640625, 
    "average_nrmse": 0.11785284911675706, 
    "runs": {
        "run_1": {
            "accuracy": 0.5906735751295337, 
            "learning_time": 88317.45288085938, 
            "nrmse": 0.11987484310825577
        }, 
        "run_2": {
            "accuracy": 0.6169154228855721, 
            "learning_time": 108007.68896484375, 
            "nrmse": 0.13001560364491702
        }, 
        "run_3": {
            "accuracy": 0.6827956989247311, 
            "learning_time": 76944.46997070312, 
            "nrmse": 0.11071568682129329
        }, 
        "run_4": {
            "accuracy": 0.6464646464646465, 
            "learning_time": 95620.041015625, 
            "nrmse": 0.10743044584925161
        }, 
        "run_5": {
            "accuracy": 0.6787878787878788, 
            "learning_time": 86583.43798828125, 
            "nrmse": 0.12122766616006765
        }
    }
}