{
    "average_accuracy": 0.6399340918502002, 
    "average_learning_time": 99.59599858398437, 
    "average_nrmse": 0.12218835292559302, 
    "runs": {
        "run_1": {
            "accuracy": 0.6201550387596899, 
            "learning_time": 98764.1279296875, 
            "nrmse": 0.12328233385219997
        }, 
        "run_2": {
            "accuracy": 0.6379310344827587, 
            "learning_time": 86189.15112304688, 
            "nrmse": 0.12489163839782334
        }, 
        "run_3": {
            "accuracy": 0.6573816155988857, 
            "learning_time": 105904.68481445312, 
            "nrmse": 0.10957325797488773
        }, 
        "run_4": {
            "accuracy": 0.6286472148541115, 
            "learning_time": 88743.31494140625, 
            "nrmse": 0.12138767822637801
        }, 
        "run_5": {
            "accuracy": 0.6555555555555556, 
            "learning_time": 118378.71411132812, 
            "nrmse": 0.131806856176676
        }
    }
}