{
    "average_accuracy": 0.5158808339702027, 
    "average_learning_time": 81.66496376953125, 
    "average_nrmse": 0.16481408537909853, 
    "runs": {
        "run_1": {
            "accuracy": 0.5905923344947736, 
            "learning_time": 125991.55590820312, 
            "nrmse": 0.173241537879951
        }, 
        "run_2": {
            "accuracy": 0.5332764505119454, 
            "learning_time": 90190.91918945312, 
            "nrmse": 0.15278803173090477
        }, 
        "run_3": {
            "accuracy": 0.5550621669626998, 
            "learning_time": 86960.88500976562, 
            "nrmse": 0.17276828325329316
        }, 
        "run_4": {
            "accuracy": 0.47115384615384615, 
            "learning_time": 45851.785888671875, 
            "nrmse": 0.16080881595271637
        }, 
        "run_5": {
            "accuracy": 0.4293193717277487, 
            "learning_time": 59329.6728515625, 
            "nrmse": 0.1644637580786273
        }
    }
}