{
    "average_accuracy": 0.5451252846832559, 
    "average_error": 0.2800648738711133, 
    "average_learning_time": 88.19186118164062, 
    "average_nrmse": 0.15548533353771402, 
    "runs": {
        "run_1": {
            "accuracy": 0.5984320557491289, 
            "average_error": 0.2638060579983663, 
            "learning_time": 112173.31787109375, 
            "nrmse": 0.1623878503503815
        }, 
        "run_2": {
            "accuracy": 0.568259385665529, 
            "average_error": 0.264673972036525, 
            "learning_time": 94023.27319335938, 
            "nrmse": 0.14876121275555093
        }, 
        "run_3": {
            "accuracy": 0.5754884547069272, 
            "average_error": 0.2700851038869217, 
            "learning_time": 87094.89697265625, 
            "nrmse": 0.15904584955162027
        }, 
        "run_4": {
            "accuracy": 0.5148601398601399, 
            "average_error": 0.2920366014781331, 
            "learning_time": 71374.42993164062, 
            "nrmse": 0.1520469383919883
        }, 
        "run_5": {
            "accuracy": 0.468586387434555, 
            "average_error": 0.3097226339556205, 
            "learning_time": 76293.38793945312, 
            "nrmse": 0.15518481663902906
        }
    }
}