{
    "average_accuracy": 0.6088985816990109, 
    "average_learning_time": 93.42608920898437, 
    "average_nrmse": 0.13162786846072472, 
    "runs": {
        "run_1": {
            "accuracy": 0.6086235489220564, 
            "learning_time": 110050.40795898438, 
            "nrmse": 0.12938742914788554
        }, 
        "run_2": {
            "accuracy": 0.5733333333333334, 
            "learning_time": 97919.76000976562, 
            "nrmse": 0.12527034048907115
        }, 
        "run_3": {
            "accuracy": 0.6245487364620939, 
            "learning_time": 108126.19506835938, 
            "nrmse": 0.13720605561138546
        }, 
        "run_4": {
            "accuracy": 0.6256684491978609, 
            "learning_time": 84909.69897460938, 
            "nrmse": 0.13161450104831954
        }, 
        "run_5": {
            "accuracy": 0.6123188405797102, 
            "learning_time": 66124.38403320312, 
            "nrmse": 0.13466101600696187
        }
    }
}