{
    "average_accuracy": 0.5958362051054562, 
    "average_error": 0.24965404338290548, 
    "average_learning_time": 78.31897275390624, 
    "average_nrmse": 0.14141038715182122, 
    "runs": {
        "run_1": {
            "accuracy": 0.6198979591836735, 
            "average_error": 0.24208806852874018, 
            "learning_time": 100740.39892578125, 
            "nrmse": 0.14132033330056254
        }, 
        "run_2": {
            "accuracy": 0.576271186440678, 
            "average_error": 0.2529999473594382, 
            "learning_time": 75387.5859375, 
            "nrmse": 0.13345114824979434
        }, 
        "run_3": {
            "accuracy": 0.5784574468085106, 
            "average_error": 0.2577331308353694, 
            "learning_time": 75201.47607421875, 
            "nrmse": 0.1496333921254352
        }, 
        "run_4": {
            "accuracy": 0.5875331564986738, 
            "average_error": 0.25536181398811425, 
            "learning_time": 59175.455078125, 
            "nrmse": 0.14417252007018733
        }, 
        "run_5": {
            "accuracy": 0.6170212765957447, 
            "average_error": 0.24008725620286522, 
            "learning_time": 81089.94775390625, 
            "nrmse": 0.13847454201312656
        }
    }
}