{
    "average_accuracy": 0.5475212567302234, 
    "average_learning_time": 67.70796865234375, 
    "average_nrmse": 0.15199987298068277, 
    "runs": {
        "run_1": {
            "accuracy": 0.550259067357513, 
            "learning_time": 92629.955078125, 
            "nrmse": 0.15486992106672764
        }, 
        "run_2": {
            "accuracy": 0.576725025746653, 
            "learning_time": 69945.27099609375, 
            "nrmse": 0.14311867887700386
        }, 
        "run_3": {
            "accuracy": 0.5566239316239316, 
            "learning_time": 45742.462890625, 
            "nrmse": 0.15251851109677417
        }, 
        "run_4": {
            "accuracy": 0.5010570824524313, 
            "learning_time": 62035.981201171875, 
            "nrmse": 0.15765311640967558
        }, 
        "run_5": {
            "accuracy": 0.5529411764705883, 
            "learning_time": 68186.17309570312, 
            "nrmse": 0.1518391374532325
        }
    }
}