{
    "average_accuracy": 0.5953272293174933, 
    "average_error": 0.24560385329843956, 
    "average_learning_time": 126.18554667968749, 
    "average_nrmse": 0.13416127557935303, 
    "runs": {
        "run_1": {
            "accuracy": 0.5970149253731343, 
            "average_error": 0.2463176101090773, 
            "learning_time": 217734.787109375, 
            "nrmse": 0.133164520002862
        }, 
        "run_2": {
            "accuracy": 0.5583333333333333, 
            "average_error": 0.2536780593075822, 
            "learning_time": 105845.21215820312, 
            "nrmse": 0.12285973700431918
        }, 
        "run_3": {
            "accuracy": 0.5812274368231047, 
            "average_error": 0.251443351253731, 
            "learning_time": 108259.65795898438, 
            "nrmse": 0.14450977719186597
        }, 
        "run_4": {
            "accuracy": 0.6096256684491979, 
            "average_error": 0.24463392605018186, 
            "learning_time": 102265.86108398438, 
            "nrmse": 0.13704910714279242
        }, 
        "run_5": {
            "accuracy": 0.6304347826086957, 
            "average_error": 0.2319463197716255, 
            "learning_time": 96822.21508789062, 
            "nrmse": 0.13322323655492563
        }
    }
}