{
    "average_accuracy": 0.6452599350604894, 
    "average_error": 0.21889977172679562, 
    "average_learning_time": 222.68013330078125, 
    "average_nrmse": 0.12544370110891803, 
    "runs": {
        "run_1": {
            "accuracy": 0.6476683937823834, 
            "average_error": 0.2142337075419506, 
            "learning_time": 183936.67602539062, 
            "nrmse": 0.11295088615975388
        }, 
        "run_2": {
            "accuracy": 0.6318407960199005, 
            "average_error": 0.2261746183714215, 
            "learning_time": 221377.02197265625, 
            "nrmse": 0.12652426306562808
        }, 
        "run_3": {
            "accuracy": 0.6720430107526881, 
            "average_error": 0.21255493028265324, 
            "learning_time": 230571.01513671875, 
            "nrmse": 0.12570957178135692
        }, 
        "run_4": {
            "accuracy": 0.6262626262626263, 
            "average_error": 0.2208006797140544, 
            "learning_time": 237110.83422851562, 
            "nrmse": 0.11858936137073019
        }, 
        "run_5": {
            "accuracy": 0.6484848484848484, 
            "average_error": 0.22073492272389847, 
            "learning_time": 240405.119140625, 
            "nrmse": 0.1434444231671211
        }
    }
}