{
    "average_accuracy": 0.5929228089615064, 
    "average_learning_time": 62.238052734375, 
    "average_nrmse": 0.14109919265300438, 
    "runs": {
        "run_1": {
            "accuracy": 0.5778061224489796, 
            "learning_time": 48573.89599609375, 
            "nrmse": 0.14766659318765668
        }, 
        "run_2": {
            "accuracy": 0.5958279009126467, 
            "learning_time": 59121.120361328125, 
            "nrmse": 0.13156803443910917
        }, 
        "run_3": {
            "accuracy": 0.5797872340425532, 
            "learning_time": 67894.3671875, 
            "nrmse": 0.14325789038019682
        }, 
        "run_4": {
            "accuracy": 0.5915119363395226, 
            "learning_time": 63322.358154296875, 
            "nrmse": 0.14575074572131444
        }, 
        "run_5": {
            "accuracy": 0.6196808510638298, 
            "learning_time": 72278.52197265625, 
            "nrmse": 0.13725269953674477
        }
    }
}