{
    "average_accuracy": 0.5606141180730111, 
    "average_error": 0.266152034006342, 
    "average_learning_time": 122.07260659179688, 
    "average_nrmse": 0.14482560504550068, 
    "runs": {
        "run_1": {
            "accuracy": 0.5906735751295337, 
            "average_error": 0.25596369087081805, 
            "learning_time": 184059.79296875, 
            "nrmse": 0.1451145804856024
        }, 
        "run_2": {
            "accuracy": 0.5612770339855818, 
            "average_error": 0.27027516372566246, 
            "learning_time": 140193.86791992188, 
            "nrmse": 0.1505933660848219
        }, 
        "run_3": {
            "accuracy": 0.5865384615384616, 
            "average_error": 0.2563074281696702, 
            "learning_time": 103154.458984375, 
            "nrmse": 0.14791214965031746
        }, 
        "run_4": {
            "accuracy": 0.5105708245243129, 
            "average_error": 0.28526929432739184, 
            "learning_time": 83618.31811523438, 
            "nrmse": 0.14213581561274125
        }, 
        "run_5": {
            "accuracy": 0.5540106951871657, 
            "average_error": 0.26294459293816747, 
            "learning_time": 99336.59497070312, 
            "nrmse": 0.13837211339402045
        }
    }
}