{
    "average_accuracy": 0.6455389382595066, 
    "average_error": 0.22242574462636436, 
    "average_learning_time": 210.06874663085938, 
    "average_nrmse": 0.12395318788430942, 
    "runs": {
        "run_1": {
            "accuracy": 0.627906976744186, 
            "average_error": 0.23224755219091553, 
            "learning_time": 225417.55297851562, 
            "nrmse": 0.12262220113589985
        }, 
        "run_2": {
            "accuracy": 0.6625615763546798, 
            "average_error": 0.21252893986109486, 
            "learning_time": 216193.75219726562, 
            "nrmse": 0.11942379809742076
        }, 
        "run_3": {
            "accuracy": 0.6295264623955432, 
            "average_error": 0.22191832516407947, 
            "learning_time": 218161.05200195312, 
            "nrmse": 0.11837757554886862
        }, 
        "run_4": {
            "accuracy": 0.6604774535809018, 
            "average_error": 0.21933623946777506, 
            "learning_time": 199089.96899414062, 
            "nrmse": 0.12487953678894122
        }, 
        "run_5": {
            "accuracy": 0.6472222222222223, 
            "average_error": 0.2260976664479568, 
            "learning_time": 191481.40698242188, 
            "nrmse": 0.1344628278504167
        }
    }
}