{
    "average_learning_time": 123.75350400390624, 
    "average_test_ll": -946.9012567273887, 
    "folds": {
        "fold_1": {
            "learning_time": 132959.0029296875, 
            "test_ll": 112.7317557329203
        }, 
        "fold_10": {
            "learning_time": 98451.44799804688, 
            "test_ll": -422.73443033599165
        }, 
        "fold_2": {
            "learning_time": 146861.17993164062, 
            "test_ll": -67.81261542280379
        }, 
        "fold_3": {
            "learning_time": 143326.02001953125, 
            "test_ll": -406.2452186737398
        }, 
        "fold_4": {
            "learning_time": 144562.38793945312, 
            "test_ll": -437.9258624580642
        }, 
        "fold_5": {
            "learning_time": 133936.55297851562, 
            "test_ll": -823.3174081034285
        }, 
        "fold_6": {
            "learning_time": 109082.119140625, 
            "test_ll": -3205.9077354098836
        }, 
        "fold_7": {
            "learning_time": 109392.96411132812, 
            "test_ll": -306.46630975207876
        }, 
        "fold_8": {
            "learning_time": 108461.712890625, 
            "test_ll": -3197.2044853732987
        }, 
        "fold_9": {
            "learning_time": 110501.65209960938, 
            "test_ll": -714.130257477519
        }
    }
}