{
    "average_learning_time": 156.80422868652346, 
    "average_test_LL": -2923.0900267638362,
    "folds": {
        "fold_1": {
            "learning_time": 199723.7939453125, 
            "test_LL": -2470.8503457835413
        }, 
        "fold_10": {
            "learning_time": 148339.39697265625, 
            "test_LL": -4623.8803533648315
        }, 
        "fold_2": {
            "learning_time": 165321.7919921875, 
            "test_LL": -2547.9239571584767
        }, 
        "fold_3": {
            "learning_time": 150399.56225585938, 
            "test_LL": -2457.3412754426417
        }, 
        "fold_4": {
            "learning_time": 150517.876953125, 
            "test_LL": -2430.346800567735
        }, 
        "fold_5": {
            "learning_time": 151984.43090820312, 
            "test_LL": -2555.4197510455615
        }, 
        "fold_6": {
            "learning_time": 150158.56396484375, 
            "test_LL": -2930.144644855679
        }, 
        "fold_7": {
            "learning_time": 150839.6650390625, 
            "test_LL": -2626.553638499586
        }, 
        "fold_8": {
            "learning_time": 150624.60400390625, 
            "test_LL": -3684.46356070824
        }, 
        "fold_9": {
            "learning_time": 150132.60083007812, 
            "test_LL": -2903.9759402120735
        }
    }
}