{
    "average_learning_time": 64.44366909179688, 
    "average_test_ll": -617.4615749353576, 
    "folds": {
        "fold_1": {
            "learning_time": 66147.86206054688, 
            "test_ll": -577.9652019927282
        }, 
        "fold_10": {
            "learning_time": 64308.3310546875, 
            "test_ll": -1064.5007747096975
        }, 
        "fold_2": {
            "learning_time": 61138.4990234375, 
            "test_ll": -473.5145815606048
        }, 
        "fold_3": {
            "learning_time": 62116.1572265625, 
            "test_ll": -556.9438922688847
        }, 
        "fold_4": {
            "learning_time": 68459.43359375, 
            "test_ll": -594.388182719586
        }, 
        "fold_5": {
            "learning_time": 64781.329833984375, 
            "test_ll": -661.5284516216682
        }, 
        "fold_6": {
            "learning_time": 67984.07788085938, 
            "test_ll": -532.8857016949978
        }, 
        "fold_7": {
            "learning_time": 60325.23388671875, 
            "test_ll": -715.6695424038079
        }, 
        "fold_8": {
            "learning_time": 65230.489013671875, 
            "test_ll": -315.3971536917091
        }, 
        "fold_9": {
            "learning_time": 63945.27734375, 
            "test_ll": -681.822266689892
        }
    }
}