{
    "average_learning_time": 1486.7146436035155, 
    "average_test_ll": -75337.49787793214, 
    "folds": {
        "fold_1": {
            "learning_time": 1749351.9987792969, 
            "test_ll": -74819.84894509692
        }, 
        "fold_10": {
            "learning_time": 1517714.7219238281, 
            "test_ll": -74818.58760421071
        }, 
        "fold_2": {
            "learning_time": 1297646.1916503906, 
            "test_ll": -74028.92730174455
        }, 
        "fold_3": {
            "learning_time": 1298767.0598144531, 
            "test_ll": -80036.42214423756
        }, 
        "fold_4": {
            "learning_time": 1406535.5991210938, 
            "test_ll": -81358.95796845769
        }, 
        "fold_5": {
            "learning_time": 1525010.7238769531, 
            "test_ll": -71838.16051316685
        }, 
        "fold_6": {
            "learning_time": 1524221.6079101562, 
            "test_ll": -74750.86744444388
        }, 
        "fold_7": {
            "learning_time": 1520862.7150878906, 
            "test_ll": -79670.57192713252
        }, 
        "fold_8": {
            "learning_time": 1504126.20703125, 
            "test_ll": -75171.41846085552
        }, 
        "fold_9": {
            "learning_time": 1522909.6108398438, 
            "test_ll": -66881.21646997528
        }
    }
}