{
    "average_learning_time": 8110.984104443359, 
    "average_test_ll": -107843.04260205236, 
    "folds": {
        "fold_1": {
            "learning_time": 6216754.770996094, 
            "test_ll": -48207.23586311585
        }, 
        "fold_10": {
            "learning_time": 9675346.794189453, 
            "test_ll": -134112.51827542548
        }, 
        "fold_2": {
            "learning_time": 5947123.5458984375, 
            "test_ll": -47230.76596660692
        }, 
        "fold_3": {
            "learning_time": 6833302.104003906, 
            "test_ll": -46063.447501129485
        }, 
        "fold_4": {
            "learning_time": 7835222.030761719, 
            "test_ll": -139655.3284520556
        }, 
        "fold_5": {
            "learning_time": 8883780.029052734, 
            "test_ll": -131573.969256391
        }, 
        "fold_6": {
            "learning_time": 9065407.417236328, 
            "test_ll": -131184.04617616878
        }, 
        "fold_7": {
            "learning_time": 8872640.880126953, 
            "test_ll": -138466.47326193174
        }, 
        "fold_8": {
            "learning_time": 8356598.4921875, 
            "test_ll": -133352.52603313414
        }, 
        "fold_9": {
            "learning_time": 9423664.979980469, 
            "test_ll": -128584.11523456447
        }
    }
}