{
    "average_learning_time": 3.0975891601562497, 
    "average_test_ll": -351.3955840103016, 
    "folds": {
        "fold_1": {
            "learning_time": 3169.896728515625, 
            "test_ll": -24.48904933847725
        }, 
        "fold_10": {
            "learning_time": 3043.912109375, 
            "test_ll": -777.3870877195641
        }, 
        "fold_2": {
            "learning_time": 3052.1298828125, 
            "test_ll": -19.017625433995082
        }, 
        "fold_3": {
            "learning_time": 3087.01220703125, 
            "test_ll": -21.43516762242684
        }, 
        "fold_4": {
            "learning_time": 3162.733154296875, 
            "test_ll": -236.35690574623277
        }, 
        "fold_5": {
            "learning_time": 3121.27392578125, 
            "test_ll": -314.7027717887366
        }, 
        "fold_6": {
            "learning_time": 3070.224853515625, 
            "test_ll": -234.89888264465543
        }, 
        "fold_7": {
            "learning_time": 3098.47998046875, 
            "test_ll": -288.71956253073137
        }, 
        "fold_8": {
            "learning_time": 3109.846923828125, 
            "test_ll": -785.8328896749654
        }, 
        "fold_9": {
            "learning_time": 3060.3818359375, 
            "test_ll": -811.1158976032317
        }
    }
}