{
    "average_learning_time": 44.94715698242187, 
    "avg_accuracy": 0.7003257328990228, 
    "runs": {
        "run_1": {
            "accuracy": 0.7011400651465798, 
            "learning_time": 44119.112060546875
        }, 
        "run_2": {
            "accuracy": 0.7100977198697068, 
            "learning_time": 46062.93408203125
        }, 
        "run_3": {
            "accuracy": 0.6921824104234527, 
            "learning_time": 44956.036865234375
        }, 
        "run_4": {
            "accuracy": 0.7100977198697068, 
            "learning_time": 44571.843017578125
        }, 
        "run_5": {
            "accuracy": 0.6881107491856677, 
            "learning_time": 45025.85888671875
        }
    }
}