{
    "average_learning_time": 44.768047119140626, 
    "avg_accuracy": 0.6904451682953312, 
    "runs": {
        "run_1": {
            "accuracy": 0.7008686210640608, 
            "learning_time": 44675.43701171875
        }, 
        "run_2": {
            "accuracy": 0.6943539630836048, 
            "learning_time": 44738.997802734375
        }, 
        "run_3": {
            "accuracy": 0.6796959826275787, 
            "learning_time": 44325.824951171875
        }, 
        "run_4": {
            "accuracy": 0.6834961997828447, 
            "learning_time": 45132.922119140625
        }, 
        "run_5": {
            "accuracy": 0.6938110749185668, 
            "learning_time": 44967.0537109375
        }
    }
}