{
    "average_learning_time": 47.56013647460937, 
    "avg_accuracy": 0.7016286644951141, 
    "runs": {
        "run_1": {
            "accuracy": 0.6970684039087948, 
            "learning_time": 55204.550048828125
        }, 
        "run_2": {
            "accuracy": 0.6938110749185668, 
            "learning_time": 47689.268798828125
        }, 
        "run_3": {
            "accuracy": 0.6807817589576547, 
            "learning_time": 44973.494873046875
        }, 
        "run_4": {
            "accuracy": 0.7280130293159609, 
            "learning_time": 44168.912841796875
        }, 
        "run_5": {
            "accuracy": 0.7084690553745928, 
            "learning_time": 45764.455810546875
        }
    }
}