{
    "average_learning_time": 45.47137397460938, 
    "avg_accuracy": 0.694299674267101, 
    "runs": {
        "run_1": {
            "accuracy": 0.6893322475570033, 
            "learning_time": 44630.755126953125
        }, 
        "run_2": {
            "accuracy": 0.7015472312703583, 
            "learning_time": 45008.885009765625
        }, 
        "run_3": {
            "accuracy": 0.6958469055374593, 
            "learning_time": 43897.055908203125
        }, 
        "run_4": {
            "accuracy": 0.6986970684039088, 
            "learning_time": 47057.180908203125
        }, 
        "run_5": {
            "accuracy": 0.6860749185667753, 
            "learning_time": 46762.992919921875
        }
    }
}