{
    "average_learning_time": 41.01285092773438, 
    "avg_accuracy": 0.6937024972855592, 
    "runs": {
        "run_1": {
            "accuracy": 0.6965255157437568, 
            "learning_time": 41081.44775390625
        }, 
        "run_2": {
            "accuracy": 0.6837676438653637, 
            "learning_time": 40696.614990234375
        }, 
        "run_3": {
            "accuracy": 0.6891965255157437, 
            "learning_time": 40766.555908203125
        }, 
        "run_4": {
            "accuracy": 0.7046688382193268, 
            "learning_time": 41092.208984375
        }, 
        "run_5": {
            "accuracy": 0.6943539630836048, 
            "learning_time": 41427.427001953125
        }
    }
}