{
    "average_learning_time": 183.09871948242187, 
    "average_test_LL": -1758.2961267383641,
    "folds": {
        "fold_1": {
            "learning_time": 213208.38916015625, 
            "test_LL": -1500.0524392396487
        }, 
        "fold_10": {
            "learning_time": 165969.56811523438, 
            "test_LL": -1910.2885896710204
        }, 
        "fold_2": {
            "learning_time": 247768.17602539062, 
            "test_LL": -1691.2426868809803
        }, 
        "fold_3": {
            "learning_time": 248165.59790039062, 
            "test_LL": -1707.6462948768697
        }, 
        "fold_4": {
            "learning_time": 143870.4560546875, 
            "test_LL": -1927.3293942574094
        }, 
        "fold_5": {
            "learning_time": 143640.71118164062, 
            "test_LL": -1755.0405763006374
        }, 
        "fold_6": {
            "learning_time": 165557.21020507812, 
            "test_LL": -1722.0855267776442
        }, 
        "fold_7": {
            "learning_time": 169262.5029296875, 
            "test_LL": -1842.7818319120242
        }, 
        "fold_8": {
            "learning_time": 166218.8671875, 
            "test_LL": -1836.8556138213366
        }, 
        "fold_9": {
            "learning_time": 167325.71606445312, 
            "test_LL": -1689.6383136460722
        }
    }
}