{
    "average_learning_time": 517.229262524414, 
    "average_test_ll": -5846.246252985411, 
    "folds": {
        "fold_1": {
            "learning_time": 626756.326171875, 
            "test_ll": -7811.3419779426995
        }, 
        "fold_10": {
            "learning_time": 497837.2810058594, 
            "test_ll": -3814.2682510954155
        }, 
        "fold_2": {
            "learning_time": 553433.4460449219, 
            "test_ll": -7326.451103088306
        }, 
        "fold_3": {
            "learning_time": 500193.0300292969, 
            "test_ll": -6176.055741045167
        }, 
        "fold_4": {
            "learning_time": 489103.1970214844, 
            "test_ll": -4736.10493755346
        }, 
        "fold_5": {
            "learning_time": 527257.62890625, 
            "test_ll": -5926.869284416018
        }, 
        "fold_6": {
            "learning_time": 458585.0920410156, 
            "test_ll": -6446.749817979114
        }, 
        "fold_7": {
            "learning_time": 504305.5419921875, 
            "test_ll": -7375.25704005411
        }, 
        "fold_8": {
            "learning_time": 497587.3591308594, 
            "test_ll": -3620.1654765164876
        }, 
        "fold_9": {
            "learning_time": 517233.7229003906, 
            "test_ll": -5229.198900163331
        }
    }
}