{
    "average_learning_time": 1679.7302805175782, 
    "avg_accuracy": 0.6741350428451776, 
    "runs": {
        "run_1": {
            "accuracy": 0.6752947619354424, 
            "learning_time": 1496605.5498046875
        }, 
        "run_2": {
            "accuracy": 0.6729108949165646, 
            "learning_time": 1512465.29296875
        }, 
        "run_3": {
            "accuracy": 0.6710746730236454, 
            "learning_time": 1660226.0478515625
        }, 
        "run_4": {
            "accuracy": 0.6769054828941434, 
            "learning_time": 1784600.0620117188
        }, 
        "run_5": {
            "accuracy": 0.6744894014560917, 
            "learning_time": 1944754.4499511719
        }
    }
}