{
    "average_learning_time": 1800.7470438476564, 
    "avg_accuracy": 0.6650255033557047, 
    "runs": {
        "run_1": {
            "accuracy": 0.6672751677852349, 
            "learning_time": 1872635.2958984375
        }, 
        "run_2": {
            "accuracy": 0.6638926174496644, 
            "learning_time": 1870405.0080566406
        }, 
        "run_3": {
            "accuracy": 0.6657181208053691, 
            "learning_time": 1518005.7470703125
        }, 
        "run_4": {
            "accuracy": 0.6669261744966443, 
            "learning_time": 1867845.7592773438
        }, 
        "run_5": {
            "accuracy": 0.6613154362416107, 
            "learning_time": 1874843.4089355469
        }
    }
}