{
    "average_learning_time": 1544.7344212402343, 
    "avg_accuracy": 0.6714049853018161, 
    "runs": {
        "run_1": {
            "accuracy": 0.676720492892522, 
            "learning_time": 1508712.1171875
        }, 
        "run_2": {
            "accuracy": 0.6692707284661539, 
            "learning_time": 1488288.7138671875
        }, 
        "run_3": {
            "accuracy": 0.6714452542987154, 
            "learning_time": 1717892.6262207031
        }, 
        "run_4": {
            "accuracy": 0.6710022953328233, 
            "learning_time": 1514730.0798339844
        }, 
        "run_5": {
            "accuracy": 0.668586155518866, 
            "learning_time": 1494048.5690917969
        }
    }
}