{
    "average_learning_time": 1949.8261657226562, 
    "avg_accuracy": 0.6672518976382709, 
    "runs": {
        "run_1": {
            "accuracy": 0.6587271226367608, 
            "learning_time": 1856660.5588378906
        }, 
        "run_2": {
            "accuracy": 0.660800934221918, 
            "learning_time": 2219433.6997070312
        }, 
        "run_3": {
            "accuracy": 0.6614452251998308, 
            "learning_time": 1870821.5729980469
        }, 
        "run_4": {
            "accuracy": 0.6780155837880283, 
            "learning_time": 1866185.3198242188
        }, 
        "run_5": {
            "accuracy": 0.6772706223448165, 
            "learning_time": 1936029.6772460938
        }
    }
}