{
    "average_learning_time": 1385.0447323730468, 
    "avg_accuracy": 0.6573610738255034, 
    "runs": {
        "run_1": {
            "accuracy": 0.6643758389261745, 
            "learning_time": 1350858.1748046875
        }, 
        "run_2": {
            "accuracy": 0.6557181208053692, 
            "learning_time": 1622224.5300292969
        }, 
        "run_3": {
            "accuracy": 0.6565906040268457, 
            "learning_time": 1308459.3410644531
        }, 
        "run_4": {
            "accuracy": 0.6569261744966443, 
            "learning_time": 1326525.0139160156
        }, 
        "run_5": {
            "accuracy": 0.6531946308724832, 
            "learning_time": 1317156.6020507812
        }
    }
}