{
    "average_accuracy": 0.7418513619774864, 
    "average_error": 0.23762833725808474, 
    "average_learning_time": 8.332054638671874, 
    "average_nrmse": 0.23078823700327514, 
    "runs": {
        "run_1": {
            "accuracy": 0.7272727272727273, 
            "average_error": 0.2396370862487492, 
            "learning_time": 8154.2568359375, 
            "nrmse": 0.22860702408924136
        }, 
        "run_2": {
            "accuracy": 0.72, 
            "average_error": 0.24281671165007995, 
            "learning_time": 8384.532958984375, 
            "nrmse": 0.2304222822001066
        }, 
        "run_3": {
            "accuracy": 0.7593582887700535, 
            "average_error": 0.23262872232970463, 
            "learning_time": 8386.086181640625, 
            "nrmse": 0.22995772602962403
        }, 
        "run_4": {
            "accuracy": 0.7471910112359551, 
            "average_error": 0.23794658552324727, 
            "learning_time": 8383.112060546875, 
            "nrmse": 0.23299245110964803
        }, 
        "run_5": {
            "accuracy": 0.7554347826086957, 
            "average_error": 0.23511258053864273, 
            "learning_time": 8352.28515625, 
            "nrmse": 0.23196170158775553
        }
    }
}