{
    "average_accuracy": 0.7182860357257658, 
    "average_learning_time": 8.717192822265623, 
    "average_nrmse": 0.22928730703703323, 
    "runs": {
        "run_1": {
            "accuracy": 0.7424242424242424, 
            "learning_time": 8032.85400390625, 
            "nrmse": 0.2223551441929077
        }, 
        "run_2": {
            "accuracy": 0.6964285714285714, 
            "learning_time": 8712.423095703125, 
            "nrmse": 0.23065581965298065
        }, 
        "run_3": {
            "accuracy": 0.6909090909090909, 
            "learning_time": 8908.027099609375, 
            "nrmse": 0.23477872855214277
        }, 
        "run_4": {
            "accuracy": 0.6911764705882353, 
            "learning_time": 8941.045166015625, 
            "nrmse": 0.21775385456048837
        }, 
        "run_5": {
            "accuracy": 0.7704918032786885, 
            "learning_time": 8991.61474609375, 
            "nrmse": 0.24089298822664681
        }
    }
}