{
    "average_accuracy": 0.7277062305251798, 
    "average_error": 0.24047055960456412, 
    "average_learning_time": 8.429166064453126, 
    "average_nrmse": 0.2298628229811454, 
    "runs": {
        "run_1": {
            "accuracy": 0.7524752475247525, 
            "average_error": 0.2276052082092811, 
            "learning_time": 8524.18310546875, 
            "nrmse": 0.22096536012062562
        }, 
        "run_2": {
            "accuracy": 0.7058823529411765, 
            "average_error": 0.24129179480976076, 
            "learning_time": 8605.149169921875, 
            "nrmse": 0.2236831773934065
        }, 
        "run_3": {
            "accuracy": 0.7526881720430108, 
            "average_error": 0.23628479469511587, 
            "learning_time": 8440.613037109375, 
            "nrmse": 0.23260911694115807
        }, 
        "run_4": {
            "accuracy": 0.7052631578947368, 
            "average_error": 0.2509739665708384, 
            "learning_time": 8246.640869140625, 
            "nrmse": 0.23638634139269687
        }, 
        "run_5": {
            "accuracy": 0.7222222222222222, 
            "average_error": 0.24619703373782448, 
            "learning_time": 8329.244140625, 
            "nrmse": 0.23567011905784005
        }
    }
}