{
    "average_accuracy": 0.7459197408016306, 
    "average_error": 0.23730190902030354, 
    "average_learning_time": 8.474438671875, 
    "average_nrmse": 0.23170912562761498, 
    "runs": {
        "run_1": {
            "accuracy": 0.7244094488188977, 
            "average_error": 0.23156028243945959, 
            "learning_time": 8547.4599609375, 
            "nrmse": 0.21688352619224535
        }, 
        "run_2": {
            "accuracy": 0.7321428571428571, 
            "average_error": 0.2387460475280786, 
            "learning_time": 8452.55615234375, 
            "nrmse": 0.22904234908505716
        }, 
        "run_3": {
            "accuracy": 0.7615384615384615, 
            "average_error": 0.237719514218203, 
            "learning_time": 8598.802978515625, 
            "nrmse": 0.23747217280375785
        }, 
        "run_4": {
            "accuracy": 0.7416666666666667, 
            "average_error": 0.25411938031725284, 
            "learning_time": 8461.441162109375, 
            "nrmse": 0.2527147293118927
        }, 
        "run_5": {
            "accuracy": 0.7698412698412699, 
            "average_error": 0.22436432059852374, 
            "learning_time": 8311.93310546875, 
            "nrmse": 0.22243285074512162
        }
    }
}