{
    "average_accuracy": 0.7429942191203435, 
    "average_learning_time": 8.1314580078125, 
    "average_nrmse": 0.22676285394347656, 
    "runs": {
        "run_1": {
            "accuracy": 0.7272727272727273, 
            "learning_time": 8096.4169921875, 
            "nrmse": 0.22124296623909168
        }, 
        "run_2": {
            "accuracy": 0.7257142857142858, 
            "learning_time": 7890.400146484375, 
            "nrmse": 0.22175129713814182
        }, 
        "run_3": {
            "accuracy": 0.7593582887700535, 
            "learning_time": 7954.175048828125, 
            "nrmse": 0.2309472332505528
        }, 
        "run_4": {
            "accuracy": 0.7471910112359551, 
            "learning_time": 8166.65380859375, 
            "nrmse": 0.2273774553669762
        }, 
        "run_5": {
            "accuracy": 0.7554347826086957, 
            "learning_time": 8549.64404296875, 
            "nrmse": 0.23249531772262041
        }
    }
}