{
    "average_accuracy": 0.7385300429573568, 
    "average_learning_time": 8.617063134765626, 
    "average_nrmse": 0.23001223812536487, 
    "runs": {
        "run_1": {
            "accuracy": 0.7623762376237624, 
            "learning_time": 8900.348876953125, 
            "nrmse": 0.22504753676900635
        }, 
        "run_2": {
            "accuracy": 0.7058823529411765, 
            "learning_time": 8992.466796875, 
            "nrmse": 0.22287273707521238
        }, 
        "run_3": {
            "accuracy": 0.7419354838709677, 
            "learning_time": 8639.35302734375, 
            "nrmse": 0.23474294212283367
        }, 
        "run_4": {
            "accuracy": 0.7157894736842105, 
            "learning_time": 8562.5810546875, 
            "nrmse": 0.22819240770438168
        }, 
        "run_5": {
            "accuracy": 0.7666666666666667, 
            "learning_time": 7990.56591796875, 
            "nrmse": 0.23920556695539033
        }
    }
}