{
    "average_accuracy": 0.7021651700918818, 
    "average_error": 0.2500976924646854, 
    "average_learning_time": 8.4124876953125, 
    "average_nrmse": 0.23418531331687448, 
    "runs": {
        "run_1": {
            "accuracy": 0.7424242424242424, 
            "average_error": 0.2323225866341591, 
            "learning_time": 8489.151123046875, 
            "nrmse": 0.22390486298695964
        }, 
        "run_2": {
            "accuracy": 0.7142857142857143, 
            "average_error": 0.2426694827407824, 
            "learning_time": 8313.500244140625, 
            "nrmse": 0.22832121508294798
        }, 
        "run_3": {
            "accuracy": 0.6727272727272727, 
            "average_error": 0.264803556300787, 
            "learning_time": 8274.05517578125, 
            "nrmse": 0.24398049931014024
        }, 
        "run_4": {
            "accuracy": 0.6764705882352942, 
            "average_error": 0.2541730451591145, 
            "learning_time": 8620.2509765625, 
            "nrmse": 0.23105425629058404
        }, 
        "run_5": {
            "accuracy": 0.7049180327868853, 
            "average_error": 0.25651979148858406, 
            "learning_time": 8365.48095703125, 
            "nrmse": 0.24366573291374047
        }
    }
}