{
    "average_accuracy": 0.7516273616524829, 
    "average_learning_time": 7.9132412109375, 
    "average_nrmse": 0.23050812555069236, 
    "runs": {
        "run_1": {
            "accuracy": 0.7333333333333333, 
            "learning_time": 8081.6279296875, 
            "nrmse": 0.22161894870000606
        }, 
        "run_2": {
            "accuracy": 0.7338129496402878, 
            "learning_time": 7946.1552734375, 
            "nrmse": 0.22983150780129893
        }, 
        "run_3": {
            "accuracy": 0.7672955974842768, 
            "learning_time": 7741.31591796875, 
            "nrmse": 0.23629245034945032
        }, 
        "run_4": {
            "accuracy": 0.7534246575342466, 
            "learning_time": 7921.955078125, 
            "nrmse": 0.2373343417531021
        }, 
        "run_5": {
            "accuracy": 0.7702702702702703, 
            "learning_time": 7875.15185546875, 
            "nrmse": 0.22746337914960427
        }
    }
}