{
    "average_accuracy": 0.712068511198946, 
    "average_error": 0.2522971056011799, 
    "average_learning_time": 8.609366503906251, 
    "average_nrmse": 0.24041897786788852, 
    "runs": {
        "run_1": {
            "accuracy": 0.7272727272727273, 
            "average_error": 0.25452821508170076, 
            "learning_time": 8782.05908203125, 
            "nrmse": 0.24846186253317679
        }, 
        "run_2": {
            "accuracy": 0.6666666666666666, 
            "average_error": 0.26954303382795997, 
            "learning_time": 8843.5048828125, 
            "nrmse": 0.24827960065950216
        }, 
        "run_3": {
            "accuracy": 0.7, 
            "average_error": 0.25463897463765556, 
            "learning_time": 8596.83984375, 
            "nrmse": 0.23951863285020744
        }, 
        "run_4": {
            "accuracy": 0.7272727272727273, 
            "average_error": 0.23357572742118218, 
            "learning_time": 8477.155029296875, 
            "nrmse": 0.220525212319152
        }, 
        "run_5": {
            "accuracy": 0.7391304347826086, 
            "average_error": 0.24919957703740092, 
            "learning_time": 8347.273681640625, 
            "nrmse": 0.2453095809774041
        }
    }
}