{
    "average_accuracy": 0.7187351778656126, 
    "average_learning_time": 8.130114208984375, 
    "average_nrmse": 0.24358438485802436, 
    "runs": {
        "run_1": {
            "accuracy": 0.7272727272727273, 
            "learning_time": 8117.654052734375, 
            "nrmse": 0.2430613997194132
        }, 
        "run_2": {
            "accuracy": 0.6666666666666666, 
            "learning_time": 8752.800048828125, 
            "nrmse": 0.24724327348045638
        }, 
        "run_3": {
            "accuracy": 0.7333333333333333, 
            "learning_time": 7959.755859375, 
            "nrmse": 0.24110249617725474
        }, 
        "run_4": {
            "accuracy": 0.7272727272727273, 
            "learning_time": 7938.846923828125, 
            "nrmse": 0.23540215440559845
        }, 
        "run_5": {
            "accuracy": 0.7391304347826086, 
            "learning_time": 7881.51416015625, 
            "nrmse": 0.2511126005073989
        }
    }
}