{
    "average_accuracy": 0.7493596233163162, 
    "average_learning_time": 8.061141552734375, 
    "average_nrmse": 0.23457455011889042, 
    "runs": {
        "run_1": {
            "accuracy": 0.7322834645669292, 
            "learning_time": 8178.927734375, 
            "nrmse": 0.22896912440627967
        }, 
        "run_2": {
            "accuracy": 0.7410714285714286, 
            "learning_time": 8075.56103515625, 
            "nrmse": 0.21831299774008658
        }, 
        "run_3": {
            "accuracy": 0.7615384615384615, 
            "learning_time": 8141.9990234375, 
            "nrmse": 0.2350720864503362
        }, 
        "run_4": {
            "accuracy": 0.75, 
            "learning_time": 7939.403076171875, 
            "nrmse": 0.2533841087838277
        }, 
        "run_5": {
            "accuracy": 0.7619047619047619, 
            "learning_time": 7969.81689453125, 
            "nrmse": 0.23713443321392183
        }
    }
}