{
    "average_learning_time": 214.63602756347655, 
    "average_test_LL": -3595.922172097925,
    "folds": {
        "fold_1": {
            "learning_time": 265923.68701171875, 
            "test_LL": -1229.6649704523802
        }, 
        "fold_10": {
            "learning_time": 147251.96508789062, 
            "test_LL": -2804.4662603104925
        }, 
        "fold_2": {
            "learning_time": 263833.4689941406, 
            "test_LL": -2748.483608115622
        }, 
        "fold_3": {
            "learning_time": 263625.3688964844, 
            "test_LL": -3923.3654213292816
        }, 
        "fold_4": {
            "learning_time": 234182.37280273438, 
            "test_LL": -3411.547687858202
        }, 
        "fold_5": {
            "learning_time": 216971.59692382812, 
            "test_LL": -4143.996256132301
        }, 
        "fold_6": {
            "learning_time": 220902.32104492188, 
            "test_LL": -4928.149000341499
        }, 
        "fold_7": {
            "learning_time": 215779.38891601562, 
            "test_LL": -4664.7886890928985
        }, 
        "fold_8": {
            "learning_time": 171233.1181640625, 
            "test_LL": -3471.7740241961883
        }, 
        "fold_9": {
            "learning_time": 146656.98779296875, 
            "test_LL": -4632.9858031503845
        }
    }
}