{
    "average_learning_time": 97.11715688476563, 
    "average_nrmse": 0.13481771330462491, 
    "runs": {
        "run_1": {
            "learning_time": 98736.11767578125, 
            "nrmse": 0.12745820481533154
        }, 
        "run_2": {
            "learning_time": 96246.14672851562, 
            "nrmse": 0.13357958633566383
        }, 
        "run_3": {
            "learning_time": 97057.373046875, 
            "nrmse": 0.13852270625182186
        }, 
        "run_4": {
            "learning_time": 97286.86694335938, 
            "nrmse": 0.13821247735409475
        }, 
        "run_5": {
            "learning_time": 96259.28002929688, 
            "nrmse": 0.13631559176621255
        }
    }
}