{
    "average_learning_time": 107.11787841796875, 
    "average_nrmse": 0.09822137178694863, 
    "runs": {
        "run_1": {
            "learning_time": 112157.18505859375, 
            "nrmse": 0.10275113545313576
        }, 
        "run_2": {
            "learning_time": 113576.48217773438, 
            "nrmse": 0.09605605779435117
        }, 
        "run_3": {
            "learning_time": 108945.1396484375, 
            "nrmse": 0.09854169533032671
        }, 
        "run_4": {
            "learning_time": 101837.47216796875, 
            "nrmse": 0.09038898925307498
        }, 
        "run_5": {
            "learning_time": 99073.11303710938, 
            "nrmse": 0.10336898110385458
        }
    }
}