{
    "average_learning_time": 96.87436596679687, 
    "average_nrmse": 0.12490469140619768, 
    "runs": {
        "run_1": {
            "learning_time": 97046.82397460938, 
            "nrmse": 0.11880907695243417
        }, 
        "run_2": {
            "learning_time": 96224.662109375, 
            "nrmse": 0.1286219567021886
        }, 
        "run_3": {
            "learning_time": 96679.4150390625, 
            "nrmse": 0.13600126362307452
        }, 
        "run_4": {
            "learning_time": 97245.251953125, 
            "nrmse": 0.11680484851692789
        }, 
        "run_5": {
            "learning_time": 97175.6767578125, 
            "nrmse": 0.12428631123636327
        }
    }
}