{
    "average_learning_time": 97.40916674804687, 
    "average_nrmse": 0.10958690631878554, 
    "runs": {
        "run_1": {
            "learning_time": 99362.5087890625, 
            "nrmse": 0.10974153761868355
        }, 
        "run_2": {
            "learning_time": 97368.1240234375, 
            "nrmse": 0.10471589117444513
        }, 
        "run_3": {
            "learning_time": 96896.06201171875, 
            "nrmse": 0.11035128214755237
        }, 
        "run_4": {
            "learning_time": 97782.4970703125, 
            "nrmse": 0.10531292855920847
        }, 
        "run_5": {
            "learning_time": 95636.64184570312, 
            "nrmse": 0.11781289209403822
        }
    }
}