{
    "average_learning_time": 96.63553188476563, 
    "average_nrmse": 0.12648637767272122, 
    "runs": {
        "run_1": {
            "learning_time": 97641.23486328125, 
            "nrmse": 0.13381906777596544
        }, 
        "run_2": {
            "learning_time": 97130.64794921875, 
            "nrmse": 0.12162674654732958
        }, 
        "run_3": {
            "learning_time": 95265.30688476562, 
            "nrmse": 0.127468781650143
        }, 
        "run_4": {
            "learning_time": 95297.59985351562, 
            "nrmse": 0.12903754580069995
        }, 
        "run_5": {
            "learning_time": 97842.86987304688, 
            "nrmse": 0.12047974658946818
        }
    }
}