{
    "average_learning_time": 57.317309814453125, 
    "avg_accuracy": 0.4077032810271041, 
    "runs": {
        "run_1": {
            "accuracy": 0.4084640989063243, 
            "learning_time": 56876.944091796875
        }, 
        "run_2": {
            "accuracy": 0.4146457441749881, 
            "learning_time": 54991.22998046875
        }, 
        "run_3": {
            "accuracy": 0.4041844983357109, 
            "learning_time": 53362.634033203125
        }, 
        "run_4": {
            "accuracy": 0.4132192106514503, 
            "learning_time": 58207.923828125
        }, 
        "run_5": {
            "accuracy": 0.3980028530670471, 
            "learning_time": 63147.817138671875
        }
    }
}