{
    "average_learning_time": 45.69772416992187, 
    "avg_accuracy": 0.4136291600633914, 
    "runs": {
        "run_1": {
            "accuracy": 0.42194928684627575, 
            "learning_time": 59602.85888671875
        }, 
        "run_2": {
            "accuracy": 0.41996830427892234, 
            "learning_time": 48035.771240234375
        }, 
        "run_3": {
            "accuracy": 0.410459587955626, 
            "learning_time": 39641.4951171875
        }, 
        "run_4": {
            "accuracy": 0.40451664025356576, 
            "learning_time": 39358.55078125
        }, 
        "run_5": {
            "accuracy": 0.4112519809825674, 
            "learning_time": 41849.94482421875
        }
    }
}