{
    "average_learning_time": 52.623815234374995, 
    "avg_accuracy": 0.4202852614896989, 
    "runs": {
        "run_1": {
            "accuracy": 0.4183835182250396, 
            "learning_time": 53526.916015625
        }, 
        "run_2": {
            "accuracy": 0.43106180665610144, 
            "learning_time": 52390.5771484375
        }, 
        "run_3": {
            "accuracy": 0.4207606973058637, 
            "learning_time": 52733.409912109375
        }, 
        "run_4": {
            "accuracy": 0.43026941362916005, 
            "learning_time": 53238.349853515625
        }, 
        "run_5": {
            "accuracy": 0.4009508716323296, 
            "learning_time": 51229.8232421875
        }
    }
}