{
    "average_learning_time": 68.13331240234376, 
    "avg_accuracy": 0.42142857142857143, 
    "runs": {
        "run_1": {
            "accuracy": 0.4095238095238095, 
            "learning_time": 78721.54296875
        }, 
        "run_2": {
            "accuracy": 0.44047619047619047, 
            "learning_time": 69234.43920898438
        }, 
        "run_3": {
            "accuracy": 0.40476190476190477, 
            "learning_time": 65232.47607421875
        }, 
        "run_4": {
            "accuracy": 0.4166666666666667, 
            "learning_time": 63644.167724609375
        }, 
        "run_5": {
            "accuracy": 0.4357142857142857, 
            "learning_time": 63833.93603515625
        }
    }
}