{
    "average_learning_time": 59.63476049804687, 
    "avg_accuracy": 0.41926278240190246, 
    "runs": {
        "run_1": {
            "accuracy": 0.3971462544589774, 
            "learning_time": 64032.06103515625
        }, 
        "run_2": {
            "accuracy": 0.43757431629013077, 
            "learning_time": 62369.19580078125
        }, 
        "run_3": {
            "accuracy": 0.42092746730083236, 
            "learning_time": 59933.731201171875
        }, 
        "run_4": {
            "accuracy": 0.4351961950059453, 
            "learning_time": 55663.5283203125
        }, 
        "run_5": {
            "accuracy": 0.4054696789536266, 
            "learning_time": 56175.2861328125
        }
    }
}