{
    "average_learning_time": 54.36968095703125, 
    "avg_accuracy": 0.41034482758620694, 
    "runs": {
        "run_1": {
            "accuracy": 0.40725326991676575, 
            "learning_time": 50584.721923828125
        }, 
        "run_2": {
            "accuracy": 0.4167657550535077, 
            "learning_time": 54259.46484375
        }, 
        "run_3": {
            "accuracy": 0.4048751486325803, 
            "learning_time": 55862.348876953125
        }, 
        "run_4": {
            "accuracy": 0.4114149821640904, 
            "learning_time": 56673.64599609375
        }, 
        "run_5": {
            "accuracy": 0.4114149821640904, 
            "learning_time": 54468.22314453125
        }
    }
}