{
    "average_learning_time": 15.53310517578125, 
    "average_nrmse": 0.14533349878299123, 
    "runs": {
        "run_1": {
            "learning_time": 15569.0400390625, 
            "nrmse": 0.14252603151655613
        }, 
        "run_2": {
            "learning_time": 15481.90576171875, 
            "nrmse": 0.15460747747998652
        }, 
        "run_3": {
            "learning_time": 15506.7080078125, 
            "nrmse": 0.14021917718053123
        }, 
        "run_4": {
            "learning_time": 15483.696044921875, 
            "nrmse": 0.14242130615856158
        }, 
        "run_5": {
            "learning_time": 15624.176025390625, 
            "nrmse": 0.14689350157932068
        }
    }
}