{
    "average_learning_time": 15.5315126953125, 
    "average_nrmse": 0.16671563909468246, 
    "runs": {
        "run_1": {
            "learning_time": 15651.57470703125, 
            "nrmse": 0.1612050796911461
        }, 
        "run_2": {
            "learning_time": 15410.7431640625, 
            "nrmse": 0.1761283304991707
        }, 
        "run_3": {
            "learning_time": 15458.049072265625, 
            "nrmse": 0.17231277571711984
        }, 
        "run_4": {
            "learning_time": 15559.440185546875, 
            "nrmse": 0.15959751748033563
        }, 
        "run_5": {
            "learning_time": 15577.75634765625, 
            "nrmse": 0.16433449208563994
        }
    }
}