{
    "average_learning_time": 15.510271435546874, 
    "average_nrmse": 0.1597362482623735, 
    "runs": {
        "run_1": {
            "learning_time": 15588.152099609375, 
            "nrmse": 0.15029629234936284
        }, 
        "run_2": {
            "learning_time": 15513.24560546875, 
            "nrmse": 0.17580245042170767
        }, 
        "run_3": {
            "learning_time": 15524.578125, 
            "nrmse": 0.1611791912352931
        }, 
        "run_4": {
            "learning_time": 15418.00732421875, 
            "nrmse": 0.1541948223279124
        }, 
        "run_5": {
            "learning_time": 15507.3740234375, 
            "nrmse": 0.1572084849775915
        }
    }
}