{
    "average_learning_time": 15.484137792968749, 
    "average_nrmse": 0.1378698110267707, 
    "runs": {
        "run_1": {
            "learning_time": 15509.76806640625, 
            "nrmse": 0.13108476226382107
        }, 
        "run_2": {
            "learning_time": 15480.1669921875, 
            "nrmse": 0.14690987513935944
        }, 
        "run_3": {
            "learning_time": 15496.14599609375, 
            "nrmse": 0.1255046533263619
        }, 
        "run_4": {
            "learning_time": 15401.15283203125, 
            "nrmse": 0.1433351752941494
        }, 
        "run_5": {
            "learning_time": 15533.455078125, 
            "nrmse": 0.14251458911016157
        }
    }
}