{
    "average_learning_time": 15.799240966796875, 
    "average_nrmse": 0.13569228813732978, 
    "runs": {
        "run_1": {
            "learning_time": 16922.178955078125, 
            "nrmse": 0.13805453928279537
        }, 
        "run_2": {
            "learning_time": 15550.010009765625, 
            "nrmse": 0.14148927220442575
        }, 
        "run_3": {
            "learning_time": 15464.259765625, 
            "nrmse": 0.11384659583450998
        }, 
        "run_4": {
            "learning_time": 15512.39208984375, 
            "nrmse": 0.1431752571783117
        }, 
        "run_5": {
            "learning_time": 15547.364013671875, 
            "nrmse": 0.14189577618660604
        }
    }
}