{
    "average_learning_time": 15.514315771484375, 
    "average_nrmse": 0.17562237152846433, 
    "runs": {
        "run_1": {
            "learning_time": 15642.64404296875, 
            "nrmse": 0.16656423507804935
        }, 
        "run_2": {
            "learning_time": 15509.294921875, 
            "nrmse": 0.1766991514088297
        }, 
        "run_3": {
            "learning_time": 15492.134765625, 
            "nrmse": 0.18534931584879571
        }, 
        "run_4": {
            "learning_time": 15469.421142578125, 
            "nrmse": 0.16856370353140376
        }, 
        "run_5": {
            "learning_time": 15458.083984375, 
            "nrmse": 0.1809354517752431
        }
    }
}