{
    "average_learning_time": 85.34901049804688, 
    "average_test_ll": -1519.5655368655598, 
    "folds": {
        "fold_1": {
            "learning_time": 64924.489990234375, 
            "test_ll": -416.2099890796906
        }, 
        "fold_10": {
            "learning_time": 96835.5771484375, 
            "test_ll": -4062.3282410551
        }, 
        "fold_2": {
            "learning_time": 64988.609130859375, 
            "test_ll": -564.5436201158768
        }, 
        "fold_3": {
            "learning_time": 79828.43603515625, 
            "test_ll": -446.06260308876097
        }, 
        "fold_4": {
            "learning_time": 81462.49194335938, 
            "test_ll": -4109.999785487722
        }, 
        "fold_5": {
            "learning_time": 86390.98583984375, 
            "test_ll": -339.8635647795327
        }, 
        "fold_6": {
            "learning_time": 90934.0029296875, 
            "test_ll": -293.86136804055513
        }, 
        "fold_7": {
            "learning_time": 92354.27221679688, 
            "test_ll": -2492.7060291054795
        }, 
        "fold_8": {
            "learning_time": 97531.56884765625, 
            "test_ll": -850.2142109979094
        }, 
        "fold_9": {
            "learning_time": 98239.6708984375, 
            "test_ll": -1619.8659569049717
        }
    }
}