{
    "average_accuracy": 0.37003113063131404, 
    "average_learning_time": 224.15124897460936, 
    "average_nrmse": 0.12311119696632404, 
    "runs": {
        "run_1": {
            "accuracy": 0.37643207855973815, 
            "learning_time": 223980.7001953125, 
            "nrmse": 0.12233920527777431
        }, 
        "run_2": {
            "accuracy": 0.34951456310679613, 
            "learning_time": 223418.11303710938, 
            "nrmse": 0.12590297870933764
        }, 
        "run_3": {
            "accuracy": 0.36597938144329895, 
            "learning_time": 223753.63256835938, 
            "nrmse": 0.12102446636869067
        }, 
        "run_4": {
            "accuracy": 0.3711864406779661, 
            "learning_time": 224077.6650390625, 
            "nrmse": 0.12548766819031493
        }, 
        "run_5": {
            "accuracy": 0.38704318936877075, 
            "learning_time": 225526.13403320312, 
            "nrmse": 0.12080166628550262
        }
    }
}