{
    "average_accuracy": 0.3616951524831481, 
    "average_error": 0.17782809694827442, 
    "average_learning_time": 243.60591079101562, 
    "average_nrmse": 0.12026850312720225, 
    "runs": {
        "run_1": {
            "accuracy": 0.3780687397708674, 
            "average_error": 0.1728844056563804, 
            "learning_time": 243207.095703125, 
            "nrmse": 0.11675354883478638
        }, 
        "run_2": {
            "accuracy": 0.3268608414239482, 
            "average_error": 0.18610251976480746, 
            "learning_time": 243646.43920898438, 
            "nrmse": 0.12522293991340191
        }, 
        "run_3": {
            "accuracy": 0.3470790378006873, 
            "average_error": 0.17668063126118605, 
            "learning_time": 244460.65893554688, 
            "nrmse": 0.11715058989392023
        }, 
        "run_4": {
            "accuracy": 0.36610169491525424, 
            "average_error": 0.18169997719791844, 
            "learning_time": 242899.447265625, 
            "nrmse": 0.12517518621206503
        }, 
        "run_5": {
            "accuracy": 0.3903654485049834, 
            "average_error": 0.1717729508610798, 
            "learning_time": 243815.91284179688, 
            "nrmse": 0.11704025078183769
        }
    }
}