{
    "average_accuracy": 0.2938688354182851, 
    "average_learning_time": 221.9879576171875, 
    "average_nrmse": 0.12457730989101767, 
    "runs": {
        "run_1": {
            "accuracy": 0.3230088495575221, 
            "learning_time": 224712.59692382812, 
            "nrmse": 0.1264042393300525
        }, 
        "run_2": {
            "accuracy": 0.26109936575052856, 
            "learning_time": 219788.17895507812, 
            "nrmse": 0.1281353737450651
        }, 
        "run_3": {
            "accuracy": 0.33867276887871856, 
            "learning_time": 223227.93017578125, 
            "nrmse": 0.12279551056892848
        }, 
        "run_4": {
            "accuracy": 0.2727272727272727, 
            "learning_time": 220344.98608398438, 
            "nrmse": 0.12648515556303458
        }, 
        "run_5": {
            "accuracy": 0.2738359201773836, 
            "learning_time": 221866.09594726562, 
            "nrmse": 0.11906627024800764
        }
    }
}