{
    "average_accuracy": 0.26486261615354856, 
    "average_error": 0.1936833027375664, 
    "average_learning_time": 243.4540560546875, 
    "average_nrmse": 0.12600154259895574, 
    "runs": {
        "run_1": {
            "accuracy": 0.3396017699115044, 
            "average_error": 0.18634810730244597, 
            "learning_time": 244465.67724609375, 
            "nrmse": 0.12709184195418977
        }, 
        "run_2": {
            "accuracy": 0.11416490486257928, 
            "average_error": 0.20979292346905037, 
            "learning_time": 243867.84594726562, 
            "nrmse": 0.12528765201050407
        }, 
        "run_3": {
            "accuracy": 0.3009153318077803, 
            "average_error": 0.19033782459440973, 
            "learning_time": 244084.9541015625, 
            "nrmse": 0.12674446914468346
        }, 
        "run_4": {
            "accuracy": 0.2902519167579409, 
            "average_error": 0.19367787842371678, 
            "learning_time": 241644.70092773438, 
            "nrmse": 0.12916910282142396
        }, 
        "run_5": {
            "accuracy": 0.2793791574279379, 
            "average_error": 0.18825977989820916, 
            "learning_time": 243207.10205078125, 
            "nrmse": 0.12171464706397754
        }
    }
}