{
    "average_accuracy": 0.38818471750735567, 
    "average_learning_time": 240.57912993164064, 
    "average_nrmse": 0.11934841846686761, 
    "runs": {
        "run_1": {
            "accuracy": 0.3333333333333333, 
            "learning_time": 250950.10473632812, 
            "nrmse": 0.11191319352974458
        }, 
        "run_2": {
            "accuracy": 0.38271604938271603, 
            "learning_time": 237408.97998046875, 
            "nrmse": 0.12022822844924798
        }, 
        "run_3": {
            "accuracy": 0.39669421487603307, 
            "learning_time": 237859.26098632812, 
            "nrmse": 0.12238441377864095
        }, 
        "run_4": {
            "accuracy": 0.39869281045751637, 
            "learning_time": 238858.580078125, 
            "nrmse": 0.1236642777329466
        }, 
        "run_5": {
            "accuracy": 0.42948717948717946, 
            "learning_time": 237818.72387695312, 
            "nrmse": 0.11855197884375801
        }
    }
}