{
    "average_accuracy": 0.38244877647347203, 
    "average_learning_time": 224.47067070312502, 
    "average_nrmse": 0.12268643323790322, 
    "runs": {
        "run_1": {
            "accuracy": 0.3834745762711864, 
            "learning_time": 223862.25, 
            "nrmse": 0.11233479945447013
        }, 
        "run_2": {
            "accuracy": 0.3790983606557377, 
            "learning_time": 223394.24194335938, 
            "nrmse": 0.1287488082452539
        }, 
        "run_3": {
            "accuracy": 0.35545023696682465, 
            "learning_time": 223880.48291015625, 
            "nrmse": 0.12683591886664353
        }, 
        "run_4": {
            "accuracy": 0.3755656108597285, 
            "learning_time": 225584.18188476562, 
            "nrmse": 0.12422337915641332
        }, 
        "run_5": {
            "accuracy": 0.41865509761388287, 
            "learning_time": 225632.19677734375, 
            "nrmse": 0.12128926046673524
        }
    }
}