{
    "average_accuracy": 0.3306556287637574, 
    "average_error": 0.18498380457380495, 
    "average_learning_time": 244.17126357421876, 
    "average_nrmse": 0.12443873374100023, 
    "runs": {
        "run_1": {
            "accuracy": 0.35978835978835977, 
            "average_error": 0.17777531160518178, 
            "learning_time": 242998.86987304688, 
            "nrmse": 0.11997077052937448
        }, 
        "run_2": {
            "accuracy": 0.33078880407124683, 
            "average_error": 0.19080484604996928, 
            "learning_time": 244574.42407226562, 
            "nrmse": 0.13100405231512127
        }, 
        "run_3": {
            "accuracy": 0.3259668508287293, 
            "average_error": 0.18462844349438623, 
            "learning_time": 243949.81201171875, 
            "nrmse": 0.12345285528477565
        }, 
        "run_4": {
            "accuracy": 0.3189771197846568, 
            "average_error": 0.18678348732965736, 
            "learning_time": 245080.97192382812, 
            "nrmse": 0.12500356321894662
        }, 
        "run_5": {
            "accuracy": 0.3177570093457944, 
            "average_error": 0.18492693438983013, 
            "learning_time": 244252.23999023438, 
            "nrmse": 0.1227624273567832
        }
    }
}