{
    "average_accuracy": 0.3341381178729335, 
    "average_learning_time": 223.86179165039064, 
    "average_nrmse": 0.1228445412018356, 
    "runs": {
        "run_1": {
            "accuracy": 0.3558201058201058, 
            "learning_time": 224289.69775390625, 
            "nrmse": 0.11808251257004648
        }, 
        "run_2": {
            "accuracy": 0.30661577608142493, 
            "learning_time": 224173.20385742188, 
            "nrmse": 0.12617785060833245
        }, 
        "run_3": {
            "accuracy": 0.3301104972375691, 
            "learning_time": 223708.376953125, 
            "nrmse": 0.12330934195624811
        }, 
        "run_4": {
            "accuracy": 0.32166890982503366, 
            "learning_time": 223187.52783203125, 
            "nrmse": 0.12578313212750353
        }, 
        "run_5": {
            "accuracy": 0.35647530040053405, 
            "learning_time": 223950.15185546875, 
            "nrmse": 0.12086986874704747
        }
    }
}