{
    "average_accuracy": 0.37709350789597834, 
    "average_error": 0.17379370692986132, 
    "average_learning_time": 244.62458574218752, 
    "average_nrmse": 0.11765460878309127, 
    "runs": {
        "run_1": {
            "accuracy": 0.36012861736334406, 
            "average_error": 0.16423929951047256, 
            "learning_time": 246968.03686523438, 
            "nrmse": 0.10478528911969963
        }, 
        "run_2": {
            "accuracy": 0.3556231003039514, 
            "average_error": 0.18231196497635338, 
            "learning_time": 244997.93090820312, 
            "nrmse": 0.12455384813639148
        }, 
        "run_3": {
            "accuracy": 0.3392857142857143, 
            "average_error": 0.18155355181978983, 
            "learning_time": 245294.60595703125, 
            "nrmse": 0.12165846008297787
        }, 
        "run_4": {
            "accuracy": 0.3870967741935484, 
            "average_error": 0.17428687044974478, 
            "learning_time": 244020.36010742188, 
            "nrmse": 0.11945982603015641
        }, 
        "run_5": {
            "accuracy": 0.44333333333333336, 
            "average_error": 0.166576847892946, 
            "learning_time": 241841.99487304688, 
            "nrmse": 0.1178156205462309
        }
    }
}