{
    "average_accuracy": 0.3506113588845411, 
    "average_error": 0.17767535139720905, 
    "average_learning_time": 244.70414619140624, 
    "average_nrmse": 0.11871119018242779, 
    "runs": {
        "run_1": {
            "accuracy": 0.3792372881355932, 
            "average_error": 0.16806421112516076, 
            "learning_time": 245687.123046875, 
            "nrmse": 0.111476898532755
        }, 
        "run_2": {
            "accuracy": 0.39344262295081966, 
            "average_error": 0.17919184535444477, 
            "learning_time": 243325.14794921875, 
            "nrmse": 0.12577115389260282
        }, 
        "run_3": {
            "accuracy": 0.35071090047393366, 
            "average_error": 0.18103827561297187, 
            "learning_time": 244071.65698242188, 
            "nrmse": 0.12250692262383504
        }, 
        "run_4": {
            "accuracy": 0.33031674208144796, 
            "average_error": 0.18034786817250337, 
            "learning_time": 245086.72705078125, 
            "nrmse": 0.11918094445424729
        }, 
        "run_5": {
            "accuracy": 0.2993492407809111, 
            "average_error": 0.17973455672096442, 
            "learning_time": 245350.07592773438, 
            "nrmse": 0.11462003140869885
        }
    }
}