{
    "average_accuracy": 0.417565515586033, 
    "average_learning_time": 225.85524477539064, 
    "average_nrmse": 0.11880661521458871, 
    "runs": {
        "run_1": {
            "accuracy": 0.4212218649517685, 
            "learning_time": 233132.77587890625, 
            "nrmse": 0.10567761724299057
        }, 
        "run_2": {
            "accuracy": 0.39209726443769, 
            "learning_time": 222399.60498046875, 
            "nrmse": 0.12045877613074718
        }, 
        "run_3": {
            "accuracy": 0.3821428571428571, 
            "learning_time": 222780.5859375, 
            "nrmse": 0.12241896156568711
        }, 
        "run_4": {
            "accuracy": 0.4290322580645161, 
            "learning_time": 226785.125, 
            "nrmse": 0.1250400591373992
        }, 
        "run_5": {
            "accuracy": 0.4633333333333333, 
            "learning_time": 224178.13208007812, 
            "nrmse": 0.1204376619961195
        }
    }
}