{
    "average_accuracy": 0.34013806329670854, 
    "average_error": 0.1782802517853246, 
    "average_learning_time": 309.63033671875, 
    "average_nrmse": 0.11808254117057874, 
    "runs": {
        "run_1": {
            "accuracy": 0.30666666666666664, 
            "average_error": 0.17283608348384444, 
            "learning_time": 336605.8181152344, 
            "nrmse": 0.10777392725265833
        }, 
        "run_2": {
            "accuracy": 0.32098765432098764, 
            "average_error": 0.18509839929606395, 
            "learning_time": 342464.9782714844, 
            "nrmse": 0.12335915599819539
        }, 
        "run_3": {
            "accuracy": 0.2975206611570248, 
            "average_error": 0.1801601282299663, 
            "learning_time": 338235.4619140625, 
            "nrmse": 0.11487022690334019
        }, 
        "run_4": {
            "accuracy": 0.32679738562091504, 
            "average_error": 0.18698383249865955, 
            "learning_time": 283617.3752441406, 
            "nrmse": 0.12620648476360635
        }, 
        "run_5": {
            "accuracy": 0.44871794871794873, 
            "average_error": 0.1663228154180888, 
            "learning_time": 247228.05004882812, 
            "nrmse": 0.1182029109350935
        }
    }
}