{
    "average_learning_time": 67.57813618164063, 
    "avg_accuracy": 0.47538677918424754, 
    "runs": {
        "run_1": {
            "accuracy": 0.46343178621659636, 
            "learning_time": 70979.53784179688
        }, 
        "run_2": {
            "accuracy": 0.46624472573839665, 
            "learning_time": 68518.38891601562
        }, 
        "run_3": {
            "accuracy": 0.4767932489451477, 
            "learning_time": 63490.666015625
        }, 
        "run_4": {
            "accuracy": 0.47890295358649787, 
            "learning_time": 65831.64404296875
        }, 
        "run_5": {
            "accuracy": 0.49156118143459915, 
            "learning_time": 69070.44409179688
        }
    }
}