{
    "average_learning_time": 68.80156137695312, 
    "avg_accuracy": 0.4962025316455696, 
    "runs": {
        "run_1": {
            "accuracy": 0.44936708860759494, 
            "learning_time": 67718.36108398438
        }, 
        "run_2": {
            "accuracy": 0.45358649789029537, 
            "learning_time": 65324.050048828125
        }, 
        "run_3": {
            "accuracy": 0.5590717299578059, 
            "learning_time": 70537.87573242188
        }, 
        "run_4": {
            "accuracy": 0.4641350210970464, 
            "learning_time": 70452.82690429688
        }, 
        "run_5": {
            "accuracy": 0.5548523206751055, 
            "learning_time": 69974.69311523438
        }
    }
}