{
    "average_accuracy": 0.008299154374570267, 
    "average_error": 0.15212695955556615, 
    "average_learning_time": 2102.954291259766, 
    "average_nrmse": 0.08216246904974418, 
    "runs": {
        "run_1": {
            "accuracy": 0.007518796992481203, 
            "average_error": 0.15173091574237854, 
            "learning_time": 2130864.219970703, 
            "nrmse": 0.08166839180361687
        }, 
        "run_2": {
            "accuracy": 0.00741839762611276, 
            "average_error": 0.15457918782666852, 
            "learning_time": 2094261.8200683594, 
            "nrmse": 0.08474565328106697
        }, 
        "run_3": {
            "accuracy": 0.003194888178913738, 
            "average_error": 0.15223226255372355, 
            "learning_time": 2089542.529296875, 
            "nrmse": 0.08185119178144333
        }, 
        "run_4": {
            "accuracy": 0.011869436201780416, 
            "average_error": 0.15011597804220483, 
            "learning_time": 2106746.16796875, 
            "nrmse": 0.0802814292292036
        }, 
        "run_5": {
            "accuracy": 0.011494252873563218, 
            "average_error": 0.15197645361285522, 
            "learning_time": 2093356.7189941406, 
            "nrmse": 0.0822656791533901
        }
    }
}