{
    "average_accuracy": 0.018492968364246142, 
    "average_error": 0.15605744480996742, 
    "average_learning_time": 2094.5437440917967, 
    "average_nrmse": 0.08726997924115186, 
    "runs": {
        "run_1": {
            "accuracy": 0.01921079958463136, 
            "average_error": 0.1560762960761181, 
            "learning_time": 2088474.8361816406, 
            "nrmse": 0.08735022071451386
        }, 
        "run_2": {
            "accuracy": 0.01644398766700925, 
            "average_error": 0.15634974267553228, 
            "learning_time": 2097518.9392089844, 
            "nrmse": 0.08741588687074409
        }, 
        "run_3": {
            "accuracy": 0.015041242115477924, 
            "average_error": 0.1556219949663216, 
            "learning_time": 2114861.757080078, 
            "nrmse": 0.08651059805647156
        }, 
        "run_4": {
            "accuracy": 0.018762677484787018, 
            "average_error": 0.15655685462195248, 
            "learning_time": 2094038.4611816406, 
            "nrmse": 0.0878334822975141
        }, 
        "run_5": {
            "accuracy": 0.023006134969325152, 
            "average_error": 0.15568233570991258, 
            "learning_time": 2077824.7268066406, 
            "nrmse": 0.08723970826651574
        }
    }
}