{
    "average_accuracy": 0.031734561965796486, 
    "average_error": 0.1627371817948838, 
    "average_learning_time": 2098.601503173828, 
    "average_nrmse": 0.09560982710827381, 
    "runs": {
        "run_1": {
            "accuracy": 0.03345724907063197, 
            "average_error": 0.16209911152467454, 
            "learning_time": 2057719.1770019531, 
            "nrmse": 0.09506214157428343
        }, 
        "run_2": {
            "accuracy": 0.03284223449969306, 
            "average_error": 0.1627520183199909, 
            "learning_time": 2093836.0708007812, 
            "nrmse": 0.09571820605496452
        }, 
        "run_3": {
            "accuracy": 0.029735355337496282, 
            "average_error": 0.16286360768473218, 
            "learning_time": 2143191.4841308594, 
            "nrmse": 0.09558018793658456
        }, 
        "run_4": {
            "accuracy": 0.02671169788148603, 
            "average_error": 0.16348656158337618, 
            "learning_time": 2086846.33984375, 
            "nrmse": 0.09600308320544804
        }, 
        "run_5": {
            "accuracy": 0.0359262730396751, 
            "average_error": 0.1624846098616452, 
            "learning_time": 2111414.444091797, 
            "nrmse": 0.09568551677008853
        }
    }
}