{
    "average_accuracy": 0.01583933810057741, 
    "average_error": 0.15385296144269198, 
    "average_learning_time": 2104.796258642578, 
    "average_nrmse": 0.08466065307129775, 
    "runs": {
        "run_1": {
            "accuracy": 0.01854714064914992, 
            "average_error": 0.15377016809388658, 
            "learning_time": 2095022.5498046875, 
            "nrmse": 0.08479661048913961
        }, 
        "run_2": {
            "accuracy": 0.017477203647416412, 
            "average_error": 0.15445718405041448, 
            "learning_time": 2110406.012939453, 
            "nrmse": 0.08545171635856703
        }, 
        "run_3": {
            "accuracy": 0.013584905660377358, 
            "average_error": 0.1537235568988524, 
            "learning_time": 2101076.0883789062, 
            "nrmse": 0.08433259544545486
        }, 
        "run_4": {
            "accuracy": 0.01348314606741573, 
            "average_error": 0.1531713467859344, 
            "learning_time": 2085481.0231933594, 
            "nrmse": 0.08372588785704689
        }, 
        "run_5": {
            "accuracy": 0.016104294478527608, 
            "average_error": 0.15414255138437205, 
            "learning_time": 2131995.6188964844, 
            "nrmse": 0.08499645520628035
        }
    }
}