{
    "average_accuracy": 0.025318993517246136, 
    "average_error": 0.15916825449135746, 
    "average_learning_time": 2102.3020458007813, 
    "average_nrmse": 0.09120885849207445, 
    "runs": {
        "run_1": {
            "accuracy": 0.029626779530588686, 
            "average_error": 0.15894191033746063, 
            "learning_time": 2084727.544921875, 
            "nrmse": 0.09132263449313142
        }, 
        "run_2": {
            "accuracy": 0.02968036529680365, 
            "average_error": 0.1596274718537907, 
            "learning_time": 2135028.9240722656, 
            "nrmse": 0.09206979161634021
        }, 
        "run_3": {
            "accuracy": 0.025036818851251842, 
            "average_error": 0.15881210803058646, 
            "learning_time": 2083547.8928222656, 
            "nrmse": 0.090799518604073
        }, 
        "run_4": {
            "accuracy": 0.018497109826589597, 
            "average_error": 0.15939771318716187, 
            "learning_time": 2091197.162109375, 
            "nrmse": 0.09088894843830782
        }, 
        "run_5": {
            "accuracy": 0.023753894080996884, 
            "average_error": 0.15906206904778777, 
            "learning_time": 2117008.705078125, 
            "nrmse": 0.09096339930851982
        }
    }
}