{
    "average_accuracy": 0.7279843322070327, 
    "average_error": 0.203774246829357, 
    "average_learning_time": 35.36561889648438, 
    "average_nrmse": 0.19808746174905617, 
    "runs": {
        "run_1": {
            "accuracy": 0.8067226890756303, 
            "average_error": 0.19815955163218202, 
            "learning_time": 34802.057861328125, 
            "nrmse": 0.1985664050244997
        }, 
        "run_2": {
            "accuracy": 0.6782608695652174, 
            "average_error": 0.20668436807585683, 
            "learning_time": 39628.175048828125, 
            "nrmse": 0.197096471212613
        }, 
        "run_3": {
            "accuracy": 0.7350427350427351, 
            "average_error": 0.19941748878763862, 
            "learning_time": 33879.185791015625, 
            "nrmse": 0.1939558407735031
        }, 
        "run_4": {
            "accuracy": 0.6859504132231405, 
            "average_error": 0.2032756289467244, 
            "learning_time": 31668.968994140625, 
            "nrmse": 0.19404446579421317
        }, 
        "run_5": {
            "accuracy": 0.7339449541284404, 
            "average_error": 0.21133419670438308, 
            "learning_time": 36849.706787109375, 
            "nrmse": 0.20677412594045172
        }
    }
}