{
    "average_accuracy": 0.6611111111111111, 
    "average_error": 0.14958082317849128, 
    "average_learning_time": 75.88993442382812, 
    "average_nrmse": 0.13380515103595816, 
    "runs": {
        "run_1": {
            "accuracy": 0.8666666666666667, 
            "average_error": 0.12947951156578738, 
            "learning_time": 79061.60180664062, 
            "nrmse": 0.12915835975182524
        }, 
        "run_2": {
            "accuracy": 0.6666666666666666, 
            "average_error": 0.14622819395242914, 
            "learning_time": 66956.93115234375, 
            "nrmse": 0.13063609900402046
        }, 
        "run_3": {
            "accuracy": 0.6666666666666666, 
            "average_error": 0.1625207614657635, 
            "learning_time": 77609.05908203125, 
            "nrmse": 0.14828638047679932
        }, 
        "run_4": {
            "accuracy": 0.55, 
            "average_error": 0.14580373067756586, 
            "learning_time": 86790.15502929688, 
            "nrmse": 0.12045404156736302
        }, 
        "run_5": {
            "accuracy": 0.5555555555555556, 
            "average_error": 0.1638719182309105, 
            "learning_time": 69031.92504882812, 
            "nrmse": 0.14049087437978267
        }
    }
}