{
    "average_accuracy": 0.7024786733495091, 
    "average_error": 0.17248388924846922, 
    "average_learning_time": 51.586227734375, 
    "average_nrmse": 0.16206410279830077, 
    "runs": {
        "run_1": {
            "accuracy": 0.7777777777777778, 
            "average_error": 0.16654012821017644, 
            "learning_time": 55167.42578125, 
            "nrmse": 0.16189995370917262
        }, 
        "run_2": {
            "accuracy": 0.6440677966101694, 
            "average_error": 0.17726148675178385, 
            "learning_time": 51462.162109375, 
            "nrmse": 0.16237226036527994
        }, 
        "run_3": {
            "accuracy": 0.7241379310344828, 
            "average_error": 0.17639255510393648, 
            "learning_time": 52765.19482421875, 
            "nrmse": 0.16810342894880473
        }, 
        "run_4": {
            "accuracy": 0.6545454545454545, 
            "average_error": 0.16895283618726903, 
            "learning_time": 48742.181884765625, 
            "nrmse": 0.15424436041499598
        }, 
        "run_5": {
            "accuracy": 0.711864406779661, 
            "average_error": 0.17327243998918038, 
            "learning_time": 49794.174072265625, 
            "nrmse": 0.1637005105532505
        }
    }
}