{
    "average_accuracy": 0.7021895999256123, 
    "average_error": 0.19435609515568228, 
    "average_learning_time": 39.5273099609375, 
    "average_nrmse": 0.1857349030791235, 
    "runs": {
        "run_1": {
            "accuracy": 0.7281553398058253, 
            "average_error": 0.1928250311304021, 
            "learning_time": 37862.291015625, 
            "nrmse": 0.1862400620417544
        }, 
        "run_2": {
            "accuracy": 0.6732673267326733, 
            "average_error": 0.2032010746160674, 
            "learning_time": 41450.970703125, 
            "nrmse": 0.1929067747284625
        }, 
        "run_3": {
            "accuracy": 0.6842105263157895, 
            "average_error": 0.19135156919703325, 
            "learning_time": 38574.16796875, 
            "nrmse": 0.1809817438231018
        }, 
        "run_4": {
            "accuracy": 0.6702127659574468, 
            "average_error": 0.1985019217109296, 
            "learning_time": 41629.541259765625, 
            "nrmse": 0.1875614790166276
        }, 
        "run_5": {
            "accuracy": 0.7551020408163265, 
            "average_error": 0.18590087912397907, 
            "learning_time": 38119.578857421875, 
            "nrmse": 0.1809844557856712
        }
    }
}