{
    "average_accuracy": 0.6996989189672116, 
    "average_error": 0.162764061131707, 
    "average_learning_time": 60.0583845703125, 
    "average_nrmse": 0.1513026428066169, 
    "runs": {
        "run_1": {
            "accuracy": 0.75, 
            "average_error": 0.15874138286630649, 
            "learning_time": 62758.012939453125, 
            "nrmse": 0.15113649810516536
        }, 
        "run_2": {
            "accuracy": 0.6904761904761905, 
            "average_error": 0.15730856139048902, 
            "learning_time": 62576.712890625, 
            "nrmse": 0.14462395737937897
        }, 
        "run_3": {
            "accuracy": 0.717948717948718, 
            "average_error": 0.16820678428295482, 
            "learning_time": 59370.764892578125, 
            "nrmse": 0.1587197428022609
        }, 
        "run_4": {
            "accuracy": 0.6571428571428571, 
            "average_error": 0.15971639648457045, 
            "learning_time": 57685.0859375, 
            "nrmse": 0.1444546676201894
        }, 
        "run_5": {
            "accuracy": 0.6829268292682927, 
            "average_error": 0.16984718063421422, 
            "learning_time": 57901.34619140625, 
            "nrmse": 0.1575783481260898
        }
    }
}