{
    "average_accuracy": 0.7283132812888911, 
    "average_error": 0.18153612484128925, 
    "average_learning_time": 45.00870688476563, 
    "average_nrmse": 0.17402357535213758, 
    "runs": {
        "run_1": {
            "accuracy": 0.8148148148148148, 
            "average_error": 0.1706331674285593, 
            "learning_time": 46188.775146484375, 
            "nrmse": 0.16942049928217381
        }, 
        "run_2": {
            "accuracy": 0.6883116883116883, 
            "average_error": 0.18994140139692176, 
            "learning_time": 47257.01025390625, 
            "nrmse": 0.17979582553930593
        }, 
        "run_3": {
            "accuracy": 0.7560975609756098, 
            "average_error": 0.18346268022698556, 
            "learning_time": 46817.72607421875, 
            "nrmse": 0.1784260336605352
        }, 
        "run_4": {
            "accuracy": 0.7066666666666667, 
            "average_error": 0.17729090925573615, 
            "learning_time": 44243.79296875, 
            "nrmse": 0.1676207072492697
        }, 
        "run_5": {
            "accuracy": 0.6756756756756757, 
            "average_error": 0.1863524658982435, 
            "learning_time": 40536.22998046875, 
            "nrmse": 0.1748548110294034
        }
    }
}