{
    "average_learning_time": 27.081570654296875, 
    "avg_accuracy": 0.5018050541516246, 
    "runs": {
        "run_1": {
            "accuracy": 0.5102286401925391, 
            "learning_time": 22877.92822265625
        }, 
        "run_2": {
            "accuracy": 0.4981949458483754, 
            "learning_time": 22726.10693359375
        }, 
        "run_3": {
            "accuracy": 0.49578820697954273, 
            "learning_time": 30000.35595703125
        }, 
        "run_4": {
            "accuracy": 0.5354993983152828, 
            "learning_time": 30574.980224609375
        }, 
        "run_5": {
            "accuracy": 0.4693140794223827, 
            "learning_time": 29228.48193359375
        }
    }
}