{
    "average_learning_time": 35.24823754882812, 
    "avg_accuracy": 0.4774007220216607, 
    "runs": {
        "run_1": {
            "accuracy": 0.511913357400722, 
            "learning_time": 28924.66796875
        }, 
        "run_2": {
            "accuracy": 0.45342960288808665, 
            "learning_time": 28511.65185546875
        }, 
        "run_3": {
            "accuracy": 0.44404332129963897, 
            "learning_time": 36460.904052734375
        }, 
        "run_4": {
            "accuracy": 0.49530685920577616, 
            "learning_time": 40957.77490234375
        }, 
        "run_5": {
            "accuracy": 0.48231046931407945, 
            "learning_time": 41386.18896484375
        }
    }
}