{
    "average_learning_time": 28.492539794921875, 
    "avg_accuracy": 0.5501805054151625, 
    "runs": {
        "run_1": {
            "accuracy": 0.5270758122743683, 
            "learning_time": 27748.20703125
        }, 
        "run_2": {
            "accuracy": 0.5270758122743683, 
            "learning_time": 29890.535888671875
        }, 
        "run_3": {
            "accuracy": 0.5740072202166066, 
            "learning_time": 28615.013916015625
        }, 
        "run_4": {
            "accuracy": 0.5740072202166066, 
            "learning_time": 28093.64599609375
        }, 
        "run_5": {
            "accuracy": 0.5487364620938628, 
            "learning_time": 28115.296142578125
        }
    }
}