{
    "average_learning_time": 24.9140681640625, 
    "avg_accuracy": 0.5111913357400723, 
    "runs": {
        "run_1": {
            "accuracy": 0.5018050541516246, 
            "learning_time": 27234.734130859375
        }, 
        "run_2": {
            "accuracy": 0.5108303249097473, 
            "learning_time": 28826.670654296875
        }, 
        "run_3": {
            "accuracy": 0.5288808664259927, 
            "learning_time": 22928.316162109375
        }, 
        "run_4": {
            "accuracy": 0.5397111913357401, 
            "learning_time": 22372.643798828125
        }, 
        "run_5": {
            "accuracy": 0.4747292418772563, 
            "learning_time": 23207.97607421875
        }
    }
}