{
    "average_learning_time": 39014.85752490234, 
    "average_nrmse": 0.07980166533220089, 
    "runs": {
        "run_1": {
            "learning_time": 39716189.09692383, 
            "nrmse": 0.08029796403000075
        }, 
        "run_2": {
            "learning_time": 39367615.48901367, 
            "nrmse": 0.07909044568196248
        }, 
        "run_3": {
            "learning_time": 38657223.35498047, 
            "nrmse": 0.08055586632230893
        }, 
        "run_4": {
            "learning_time": 40323090.431884766, 
            "nrmse": 0.07921777108304273
        }, 
        "run_5": {
            "learning_time": 37010169.251708984, 
            "nrmse": 0.07984627954368956
        }
    }
}