{
    "average_learning_time": 27859.00213808594, 
    "average_nrmse": 0.08702606013439425, 
    "runs": {
        "run_1": {
            "learning_time": 28219844.751220703, 
            "nrmse": 0.08616945249346218
        }, 
        "run_2": {
            "learning_time": 28181490.829101562, 
            "nrmse": 0.08505913737778104
        }, 
        "run_3": {
            "learning_time": 27828889.060791016, 
            "nrmse": 0.08649665459737214
        }, 
        "run_4": {
            "learning_time": 28045088.17602539, 
            "nrmse": 0.08857620193543296
        }, 
        "run_5": {
            "learning_time": 27019697.873291016, 
            "nrmse": 0.08882885426792289
        }
    }
}