{
    "average_learning_time": 36838.40713676758, 
    "average_nrmse": 0.08473274116137282, 
    "runs": {
        "run_1": {
            "learning_time": 36768472.626953125, 
            "nrmse": 0.0824746937590149
        }, 
        "run_2": {
            "learning_time": 36920710.060058594, 
            "nrmse": 0.08378446128278025
        }, 
        "run_3": {
            "learning_time": 36977729.17602539, 
            "nrmse": 0.08597250460216148
        }, 
        "run_4": {
            "learning_time": 36994218.630859375, 
            "nrmse": 0.08571543500607305
        }, 
        "run_5": {
            "learning_time": 36530905.189941406, 
            "nrmse": 0.08571661115683445
        }
    }
}