{
    "average_learning_time": 26961.252005859376, 
    "average_nrmse": 0.09285528841690514, 
    "runs": {
        "run_1": {
            "learning_time": 26240845.927001953, 
            "nrmse": 0.092048286947315
        }, 
        "run_2": {
            "learning_time": 26259415.69897461, 
            "nrmse": 0.0906047531180989
        }, 
        "run_3": {
            "learning_time": 26257727.630126953, 
            "nrmse": 0.09391564456325639
        }, 
        "run_4": {
            "learning_time": 29741123.55908203, 
            "nrmse": 0.09269073919201772
        }, 
        "run_5": {
            "learning_time": 26307147.214111328, 
            "nrmse": 0.09501701826383774
        }
    }
}