{
    "average_learning_time": 28866.76139399414, 
    "average_nrmse": 0.08997536017394543, 
    "runs": {
        "run_1": {
            "learning_time": 29883075.579345703, 
            "nrmse": 0.0896579469240106
        }, 
        "run_2": {
            "learning_time": 29897370.03881836, 
            "nrmse": 0.08872818157380108
        }, 
        "run_3": {
            "learning_time": 28193190.607910156, 
            "nrmse": 0.08940559425057484
        }, 
        "run_4": {
            "learning_time": 28094385.39501953, 
            "nrmse": 0.0899519499124875
        }, 
        "run_5": {
            "learning_time": 28265785.348876953, 
            "nrmse": 0.0921331282088531
        }
    }
}