{
    "average_learning_time": 87.92388852539062, 
    "average_test_LL": -2106.6363150666707,
    "folds": {
        "fold_1": {
            "learning_time": 89626.14916992188, 
            "test_LL": -2024.9014343661836
        }, 
        "fold_10": {
            "learning_time": 89373.75610351562, 
            "test_LL": -1969.8436938672262
        }, 
        "fold_2": {
            "learning_time": 87503.82421875, 
            "test_LL": -1832.759417548157
        }, 
        "fold_3": {
            "learning_time": 83320.05493164062, 
            "test_LL": -2055.4961752403283
        }, 
        "fold_4": {
            "learning_time": 86915.76489257812, 
            "test_LL": -1574.124811641348
        }, 
        "fold_5": {
            "learning_time": 87578.93090820312, 
            "test_LL": -1536.3824828803877
        }, 
        "fold_6": {
            "learning_time": 84667.40112304688, 
            "test_LL": -2192.869235338682
        }, 
        "fold_7": {
            "learning_time": 91440.9140625, 
            "test_LL": -4298.892863253052
        }, 
        "fold_8": {
            "learning_time": 90034.5380859375, 
            "test_LL": -1684.2871666876667
        }, 
        "fold_9": {
            "learning_time": 88777.5517578125, 
            "test_LL": -1896.8058698436769
        }
    }
}