{
    "average_accuracy": 0.783190875318535, 
    "average_error": 0.1304575684559084, 
    "average_learning_time": 29.430388525390626, 
    "average_nrmse": 0.11812163185225744, 
    "runs": {
        "run_1": {
            "accuracy": 0.8723404255319149, 
            "average_error": 0.11899864393752681, 
            "learning_time": 30280.427978515625, 
            "nrmse": 0.11776136814744706
        }, 
        "run_2": {
            "accuracy": 0.8571428571428571, 
            "average_error": 0.1187182974736316, 
            "learning_time": 30205.705322265625, 
            "nrmse": 0.11526989099027286
        }, 
        "run_3": {
            "accuracy": 0.7021276595744681, 
            "average_error": 0.1299479235083414, 
            "learning_time": 28005.144287109375, 
            "nrmse": 0.10595872109159989
        }, 
        "run_4": {
            "accuracy": 0.6888888888888889, 
            "average_error": 0.15611234079532355, 
            "learning_time": 28198.641845703125, 
            "nrmse": 0.1339696593216396
        }, 
        "run_5": {
            "accuracy": 0.7954545454545454, 
            "average_error": 0.12851063656471862, 
            "learning_time": 30462.023193359375, 
            "nrmse": 0.11764851971032778
        }
    }
}