{
    "average_accuracy": 0.7255927128780781, 
    "average_error": 0.17466268963922482, 
    "average_learning_time": 18.94758134765625, 
    "average_nrmse": 0.16041346142741095, 
    "runs": {
        "run_1": {
            "accuracy": 0.7238095238095238, 
            "average_error": 0.1749421885946722, 
            "learning_time": 19555.31298828125, 
            "nrmse": 0.16047814750955733
        }, 
        "run_2": {
            "accuracy": 0.8297872340425532, 
            "average_error": 0.1619612806401052, 
            "learning_time": 19140.677978515625, 
            "nrmse": 0.1607824970233421
        }, 
        "run_3": {
            "accuracy": 0.652542372881356, 
            "average_error": 0.17144367763588084, 
            "learning_time": 18768.1279296875, 
            "nrmse": 0.14629882770977182
        }, 
        "run_4": {
            "accuracy": 0.7864077669902912, 
            "average_error": 0.1721111090742724, 
            "learning_time": 18617.26708984375, 
            "nrmse": 0.16618523422635295
        }, 
        "run_5": {
            "accuracy": 0.6354166666666666, 
            "average_error": 0.19285519225119338, 
            "learning_time": 18656.520751953125, 
            "nrmse": 0.16832260066803054
        }
    }
}