{
    "average_accuracy": 0.7170404253163295, 
    "average_error": 0.18573445632056113, 
    "average_learning_time": 19.160963671875002, 
    "average_nrmse": 0.17184515369725983, 
    "runs": {
        "run_1": {
            "accuracy": 0.7480916030534351, 
            "average_error": 0.19654416275086312, 
            "learning_time": 19310.68310546875, 
            "nrmse": 0.18863498643719143
        }, 
        "run_2": {
            "accuracy": 0.7627118644067796, 
            "average_error": 0.1802655096463903, 
            "learning_time": 19030.840087890625, 
            "nrmse": 0.17211942022541457
        }, 
        "run_3": {
            "accuracy": 0.6870229007633588, 
            "average_error": 0.1852476677464346, 
            "learning_time": 18956.989990234375, 
            "nrmse": 0.16700060610497652
        }, 
        "run_4": {
            "accuracy": 0.7480314960629921, 
            "average_error": 0.16460242479649118, 
            "learning_time": 19260.945068359375, 
            "nrmse": 0.15212155634784594
        }, 
        "run_5": {
            "accuracy": 0.639344262295082, 
            "average_error": 0.2020125166626266, 
            "learning_time": 19245.360107421875, 
            "nrmse": 0.17934919937087068
        }
    }
}