{
    "average_accuracy": 0.7828619004280851, 
    "average_error": 0.1357794935384305, 
    "average_learning_time": 25.96566796875, 
    "average_nrmse": 0.12415683553364701, 
    "runs": {
        "run_1": {
            "accuracy": 0.8064516129032258, 
            "average_error": 0.1333942760593384, 
            "learning_time": 31161.623046875, 
            "nrmse": 0.124800831625419
        }, 
        "run_2": {
            "accuracy": 0.8, 
            "average_error": 0.1262030563351738, 
            "learning_time": 24756.284912109375, 
            "nrmse": 0.11566063581162722
        }, 
        "run_3": {
            "accuracy": 0.8266666666666667, 
            "average_error": 0.1283370052409294, 
            "learning_time": 24516.07568359375, 
            "nrmse": 0.12190895837058595
        }, 
        "run_4": {
            "accuracy": 0.6363636363636364, 
            "average_error": 0.16006391010106766, 
            "learning_time": 25231.97021484375, 
            "nrmse": 0.1309821310245968
        }, 
        "run_5": {
            "accuracy": 0.8448275862068966, 
            "average_error": 0.13089921995564321, 
            "learning_time": 24162.385986328125, 
            "nrmse": 0.12743162083600604
        }
    }
}