{
    "average_accuracy": 0.7891257659182707, 
    "average_error": 0.1418335127759766, 
    "average_learning_time": 22.1086654296875, 
    "average_nrmse": 0.13197055258944052, 
    "runs": {
        "run_1": {
            "accuracy": 0.725, 
            "average_error": 0.15545008436484697, 
            "learning_time": 23842.201904296875, 
            "nrmse": 0.13837152498839655
        }, 
        "run_2": {
            "accuracy": 0.7323943661971831, 
            "average_error": 0.15708851030055077, 
            "learning_time": 24895.52294921875, 
            "nrmse": 0.14130034980022704
        }, 
        "run_3": {
            "accuracy": 0.8350515463917526, 
            "average_error": 0.12942370688992405, 
            "learning_time": 23220.2822265625, 
            "nrmse": 0.1243487430730207
        }, 
        "run_4": {
            "accuracy": 0.7764705882352941, 
            "average_error": 0.14022198502146724, 
            "learning_time": 19844.1630859375, 
            "nrmse": 0.1283209240581474
        }, 
        "run_5": {
            "accuracy": 0.8767123287671232, 
            "average_error": 0.1269832773030941, 
            "learning_time": 18741.156982421875, 
            "nrmse": 0.1275112210274109
        }
    }
}