{
    "average_learning_time": 309.80903759765624, 
    "average_test_LL": 787.1474113018093,
    "folds": {
        "fold_1": {
            "learning_time": 326740.6789550781, 
            "test_LL": 877.1917159227551
        }, 
        "fold_10": {
            "learning_time": 288200.2121582031, 
            "test_LL": 407.81718451626574
        }, 
        "fold_2": {
            "learning_time": 253179.88110351562, 
            "test_LL": 1114.9446330017367
        }, 
        "fold_3": {
            "learning_time": 252398.97290039062, 
            "test_LL": 1168.822699074672
        }, 
        "fold_4": {
            "learning_time": 314466.7380371094, 
            "test_LL": 822.2752739714263
        }, 
        "fold_5": {
            "learning_time": 362878.1647949219, 
            "test_LL": 1164.3584269381522
        }, 
        "fold_6": {
            "learning_time": 352921.4069824219, 
            "test_LL": 1023.7452865671889
        }, 
        "fold_7": {
            "learning_time": 354480.9228515625, 
            "test_LL": 566.2240230004828
        }, 
        "fold_8": {
            "learning_time": 296859.4792480469, 
            "test_LL": 1014.0709280917752
        }, 
        "fold_9": {
            "learning_time": 295963.9189453125, 
            "test_LL": -287.97605806636335
        }
    }
}