{
    "average_learning_time": 14.663451708984375, 
    "average_nrmse": 0.13592148685338828, 
    "runs": {
        "run_1": {
            "learning_time": 14684.1923828125, 
            "nrmse": 0.13878125287764406
        }, 
        "run_2": {
            "learning_time": 14346.827880859375, 
            "nrmse": 0.1381189075118463
        }, 
        "run_3": {
            "learning_time": 14374.56201171875, 
            "nrmse": 0.1244884636706397
        }, 
        "run_4": {
            "learning_time": 14397.1181640625, 
            "nrmse": 0.13036062249872024
        }, 
        "run_5": {
            "learning_time": 15514.55810546875, 
            "nrmse": 0.1478581877080911
        }
    }
}