{
    "average_learning_time": 13.884772412109374, 
    "average_nrmse": 0.19152455390475712, 
    "runs": {
        "run_1": {
            "learning_time": 14222.501953125, 
            "nrmse": 0.19923630375063464
        }, 
        "run_2": {
            "learning_time": 13745.2890625, 
            "nrmse": 0.18730896628518182
        }, 
        "run_3": {
            "learning_time": 13942.1669921875, 
            "nrmse": 0.1921964803929045
        }, 
        "run_4": {
            "learning_time": 13615.014892578125, 
            "nrmse": 0.1873205626040592
        }, 
        "run_5": {
            "learning_time": 13898.88916015625, 
            "nrmse": 0.19156045649100548
        }
    }
}