{
    "average_learning_time": 14.168299560546876, 
    "average_nrmse": 0.18021999667254224, 
    "runs": {
        "run_1": {
            "learning_time": 14083.630126953125, 
            "nrmse": 0.1749851037117057
        }, 
        "run_2": {
            "learning_time": 14015.215087890625, 
            "nrmse": 0.17486391103343688
        }, 
        "run_3": {
            "learning_time": 13922.069580078125, 
            "nrmse": 0.15948700444055725
        }, 
        "run_4": {
            "learning_time": 14013.7822265625, 
            "nrmse": 0.19453354315366833
        }, 
        "run_5": {
            "learning_time": 14806.80078125, 
            "nrmse": 0.197230421023343
        }
    }
}