{
    "average_learning_time": 13.805782470703125, 
    "average_nrmse": 0.2126222108638714, 
    "runs": {
        "run_1": {
            "learning_time": 14028.841064453125, 
            "nrmse": 0.2211942037625059
        }, 
        "run_2": {
            "learning_time": 13485.128173828125, 
            "nrmse": 0.21583023690488592
        }, 
        "run_3": {
            "learning_time": 13728.84912109375, 
            "nrmse": 0.1973767499241945
        }, 
        "run_4": {
            "learning_time": 14007.673095703125, 
            "nrmse": 0.21760316442328986
        }, 
        "run_5": {
            "learning_time": 13778.4208984375, 
            "nrmse": 0.21110669930448075
        }
    }
}