{
    "average_learning_time": 14.00003662109375, 
    "average_nrmse": 0.1454101135889207, 
    "runs": {
        "run_1": {
            "learning_time": 14105.2041015625, 
            "nrmse": 0.15207266113670545
        }, 
        "run_2": {
            "learning_time": 14107.26416015625, 
            "nrmse": 0.14223080141978392
        }, 
        "run_3": {
            "learning_time": 14085.541015625, 
            "nrmse": 0.13391186833851154
        }, 
        "run_4": {
            "learning_time": 13900.620849609375, 
            "nrmse": 0.14418359586528126
        }, 
        "run_5": {
            "learning_time": 13801.552978515625, 
            "nrmse": 0.1546516411843213
        }
    }
}