{
    "average_learning_time": 13.985416357421874, 
    "average_nrmse": 0.15905545953018616, 
    "runs": {
        "run_1": {
            "learning_time": 13785.98388671875, 
            "nrmse": 0.1542281105807179
        }, 
        "run_2": {
            "learning_time": 13956.39794921875, 
            "nrmse": 0.16938955686809073
        }, 
        "run_3": {
            "learning_time": 14160.703857421875, 
            "nrmse": 0.14983792546165361
        }, 
        "run_4": {
            "learning_time": 13817.551025390625, 
            "nrmse": 0.16482859574628947
        }, 
        "run_5": {
            "learning_time": 14206.445068359375, 
            "nrmse": 0.1569931089941791
        }
    }
}