{
    "average_accuracy": 0.749800005119589, 
    "average_error": 0.23071085613768286, 
    "average_learning_time": 136.37639018554688, 
    "average_nrmse": 0.15676839512403346, 
    "runs": {
        "run_1": {
            "accuracy": 0.7360308285163777, 
            "average_error": 0.24145795697159048, 
            "learning_time": 144172.30297851562, 
            "nrmse": 0.15737970930374487
        }, 
        "run_2": {
            "accuracy": 0.7157335907335908, 
            "average_error": 0.25779415869968064, 
            "learning_time": 135392.09008789062, 
            "nrmse": 0.1571875683822006
        }, 
        "run_3": {
            "accuracy": 0.7601510859301227, 
            "average_error": 0.22267206225748784, 
            "learning_time": 131707.6337890625, 
            "nrmse": 0.14709918545114464
        }, 
        "run_4": {
            "accuracy": 0.8024691358024691, 
            "average_error": 0.1900890517111682, 
            "learning_time": 131232.49096679688, 
            "nrmse": 0.16137419420316998
        }, 
        "run_5": {
            "accuracy": 0.7346153846153847, 
            "average_error": 0.24154105104848705, 
            "learning_time": 139377.43310546875, 
            "nrmse": 0.16080131827990704
        }
    }
}