{
    "average_accuracy": 0.8104092840582056, 
    "average_error": 0.18125613270825608, 
    "average_learning_time": 143.86982822265625, 
    "average_nrmse": 0.162341345191254, 
    "runs": {
        "run_1": {
            "accuracy": 0.8181818181818182, 
            "average_error": 0.17035289546087148, 
            "learning_time": 144819.94580078125, 
            "nrmse": 0.13480412289367447
        }, 
        "run_2": {
            "accuracy": 0.8093457943925234, 
            "average_error": 0.18399489163942398, 
            "learning_time": 144255.998046875, 
            "nrmse": 0.15970013324489005
        }, 
        "run_3": {
            "accuracy": 0.8645640074211502, 
            "average_error": 0.146906587784738, 
            "learning_time": 146225.77221679688, 
            "nrmse": 0.16866779924100483
        }, 
        "run_4": {
            "accuracy": 0.838150289017341, 
            "average_error": 0.1643691090099483, 
            "learning_time": 152776.74926757812, 
            "nrmse": 0.18135954020021874
        }, 
        "run_5": {
            "accuracy": 0.7218045112781954, 
            "average_error": 0.24065717964629868, 
            "learning_time": 131270.67578125, 
            "nrmse": 0.16717513037648188
        }
    }
}