{
    "average_accuracy": 0.7820428853502515, 
    "average_error": 0.20563454304433101, 
    "average_learning_time": 139.7699887207031, 
    "average_nrmse": 0.1636266517172243, 
    "runs": {
        "run_1": {
            "accuracy": 0.7235462345090562, 
            "average_error": 0.24870844880900758, 
            "learning_time": 147624.92431640625, 
            "nrmse": 0.15948138043451587
        }, 
        "run_2": {
            "accuracy": 0.8185291308500477, 
            "average_error": 0.18116934877238214, 
            "learning_time": 147718.90698242188, 
            "nrmse": 0.17406621343648407
        }, 
        "run_3": {
            "accuracy": 0.8107852412488175, 
            "average_error": 0.18513043075823363, 
            "learning_time": 136450.1611328125, 
            "nrmse": 0.1520551789304758
        }, 
        "run_4": {
            "accuracy": 0.8199608610567515, 
            "average_error": 0.1762038533641621, 
            "learning_time": 135711.1279296875, 
            "nrmse": 0.16562468311264514
        }, 
        "run_5": {
            "accuracy": 0.7373929590865842, 
            "average_error": 0.23696063351786975, 
            "learning_time": 131344.8232421875, 
            "nrmse": 0.16690580267200064
        }
    }
}