{
    "average_accuracy": 0.7700506652770448, 
    "average_error": 0.21696740025341693, 
    "average_learning_time": 135.8197885253906, 
    "average_nrmse": 0.16692516165458438, 
    "runs": {
        "run_1": {
            "accuracy": 0.7437858508604207, 
            "average_error": 0.23702399470035496, 
            "learning_time": 144561.61694335938, 
            "nrmse": 0.16807076484839314
        }, 
        "run_2": {
            "accuracy": 0.7522349936143039, 
            "average_error": 0.2300696671410055, 
            "learning_time": 133006.36694335938, 
            "nrmse": 0.1701741012976874
        }, 
        "run_3": {
            "accuracy": 0.80463368816531, 
            "average_error": 0.1928634193545799, 
            "learning_time": 133368.97900390625, 
            "nrmse": 0.16025389365888854
        }, 
        "run_4": {
            "accuracy": 0.8224422442244225, 
            "average_error": 0.17744663685249357, 
            "learning_time": 131432.06982421875, 
            "nrmse": 0.16202911787505794
        }, 
        "run_5": {
            "accuracy": 0.7271565495207668, 
            "average_error": 0.24743328321865077, 
            "learning_time": 136729.90991210938, 
            "nrmse": 0.1740979305928949
        }
    }
}