{
    "average_accuracy": 0.7350521783608939, 
    "average_error": 0.24173173316643867, 
    "average_learning_time": 142.53356381835937, 
    "average_nrmse": 0.16061459159454847, 
    "runs": {
        "run_1": {
            "accuracy": 0.7224378881987578, 
            "average_error": 0.25243327960815776, 
            "learning_time": 150805.15234375, 
            "nrmse": 0.1672022106462773
        }, 
        "run_2": {
            "accuracy": 0.7084785133565621, 
            "average_error": 0.26102568366995854, 
            "learning_time": 142161.5859375, 
            "nrmse": 0.15729047389699172
        }, 
        "run_3": {
            "accuracy": 0.7147192716236722, 
            "average_error": 0.2565861431157175, 
            "learning_time": 140838.546875, 
            "nrmse": 0.1517231488999957
        }, 
        "run_4": {
            "accuracy": 0.7973447871925029, 
            "average_error": 0.19540740075359747, 
            "learning_time": 135092.876953125, 
            "nrmse": 0.17053998548424273
        }, 
        "run_5": {
            "accuracy": 0.7322804314329738, 
            "average_error": 0.24320615868476197, 
            "learning_time": 143769.65698242188, 
            "nrmse": 0.15631713904523495
        }
    }
}