{
    "average_learning_time": 262.22512580566405, 
    "average_test_LL": -2245.3575935984104,
    "folds": {
        "fold_1": {
            "learning_time": 263224.9050292969, 
            "test_LL": -2303.123649456425
        }, 
        "fold_10": {
            "learning_time": 258858.4560546875, 
            "test_LL": -2220.4847422881803
        }, 
        "fold_2": {
            "learning_time": 263900.26708984375, 
            "test_LL": -2283.9829844631818
        }, 
        "fold_3": {
            "learning_time": 257775.97192382812, 
            "test_LL": -2071.7577347797387
        }, 
        "fold_4": {
            "learning_time": 255956.53198242188, 
            "test_LL": -2281.7549837070883
        }, 
        "fold_5": {
            "learning_time": 259968.10205078125, 
            "test_LL": -2150.0597661315524
        }, 
        "fold_6": {
            "learning_time": 265893.40478515625, 
            "test_LL": -2384.664500381423
        }, 
        "fold_7": {
            "learning_time": 264993.6188964844, 
            "test_LL": -2208.6686324211814
        }, 
        "fold_8": {
            "learning_time": 266478.93115234375, 
            "test_LL": -2298.112891552456
        }, 
        "fold_9": {
            "learning_time": 265201.0690917969, 
            "test_LL": -2250.9660508028787
        }
    }
}