{
    "average_learning_time": 125.27328378906249, 
    "avg_accuracy": 0.35907399751963626, 
    "runs": {
        "run_1": {
            "accuracy": 0.36020394102246106, 
            "learning_time": 127067.22607421875
        }, 
        "run_2": {
            "accuracy": 0.35469202149648615, 
            "learning_time": 117120.04663085938
        }, 
        "run_3": {
            "accuracy": 0.3615819209039548, 
            "learning_time": 122731.71704101562
        }, 
        "run_4": {
            "accuracy": 0.3637866887143448, 
            "learning_time": 133719.30810546875
        }, 
        "run_5": {
            "accuracy": 0.35510541546093427, 
            "learning_time": 125728.12109375
        }
    }
}