{
    "average_learning_time": 119.00757597656249, 
    "avg_accuracy": 0.4081058726220017, 
    "runs": {
        "run_1": {
            "accuracy": 0.4143920595533499, 
            "learning_time": 120140.88403320312
        }, 
        "run_2": {
            "accuracy": 0.37551695616211744, 
            "learning_time": 116257.73999023438
        }, 
        "run_3": {
            "accuracy": 0.42597187758478083, 
            "learning_time": 117869.0380859375
        }, 
        "run_4": {
            "accuracy": 0.4160463192721257, 
            "learning_time": 120595.69677734375
        }, 
        "run_5": {
            "accuracy": 0.40860215053763443, 
            "learning_time": 120174.52099609375
        }
    }
}