{
    "average_learning_time": 123.62648442382812, 
    "avg_accuracy": 0.37759404712691197, 
    "runs": {
        "run_1": {
            "accuracy": 0.3726746589499793, 
            "learning_time": 119027.041015625
        }, 
        "run_2": {
            "accuracy": 0.3732947498966515, 
            "learning_time": 123358.09887695312
        }, 
        "run_3": {
            "accuracy": 0.38073584125671767, 
            "learning_time": 129280.48999023438
        }, 
        "run_4": {
            "accuracy": 0.3869367507234394, 
            "learning_time": 121822.3681640625
        }, 
        "run_5": {
            "accuracy": 0.37432823480777183, 
            "learning_time": 124644.42407226562
        }
    }
}