{
    "average_learning_time": 123.63018994140624, 
    "avg_accuracy": 0.37020502645502645, 
    "runs": {
        "run_1": {
            "accuracy": 0.3751653439153439, 
            "learning_time": 124112.13891601562
        }, 
        "run_2": {
            "accuracy": 0.3662367724867725, 
            "learning_time": 123459.11401367188
        }, 
        "run_3": {
            "accuracy": 0.375, 
            "learning_time": 119646.81689453125
        }, 
        "run_4": {
            "accuracy": 0.36937830687830686, 
            "learning_time": 125466.47607421875
        }, 
        "run_5": {
            "accuracy": 0.365244708994709, 
            "learning_time": 125466.40380859375
        }
    }
}