{
    "average_learning_time": 124.88464028320313, 
    "avg_accuracy": 0.38958103638368247, 
    "runs": {
        "run_1": {
            "accuracy": 0.38974641675854466, 
            "learning_time": 131740.3369140625
        }, 
        "run_2": {
            "accuracy": 0.3914002205071665, 
            "learning_time": 121046.19677734375
        }, 
        "run_3": {
            "accuracy": 0.3958103638368247, 
            "learning_time": 123191.2578125
        }, 
        "run_4": {
            "accuracy": 0.39250275633958104, 
            "learning_time": 125288.36889648438
        }, 
        "run_5": {
            "accuracy": 0.3784454244762955, 
            "learning_time": 123157.041015625
        }
    }
}