{
    "average_learning_time": 120.03610180664063, 
    "avg_accuracy": 0.4041339396444812, 
    "runs": {
        "run_1": {
            "accuracy": 0.41132699462587846, 
            "learning_time": 119855.18188476562
        }, 
        "run_2": {
            "accuracy": 0.3952046300124018, 
            "learning_time": 120989.5771484375
        }, 
        "run_3": {
            "accuracy": 0.4100868127325341, 
            "learning_time": 116870.36303710938
        }, 
        "run_4": {
            "accuracy": 0.41587432823480774, 
            "learning_time": 122068.9580078125
        }, 
        "run_5": {
            "accuracy": 0.3881769326167838, 
            "learning_time": 120396.42895507812
        }
    }
}