{
    "average_learning_time": 2846.412902758789, 
    "average_test_ll": -10721.514286560803, 
    "folds": {
        "fold_1": {
            "learning_time": 2818458.2700195312, 
            "test_ll": -12067.724773266247
        }, 
        "fold_10": {
            "learning_time": 2857499.828125, 
            "test_ll": -9455.706200823599
        }, 
        "fold_2": {
            "learning_time": 2842696.0881347656, 
            "test_ll": -12861.990965619461
        }, 
        "fold_3": {
            "learning_time": 2857143.423095703, 
            "test_ll": -13948.970063985531
        }, 
        "fold_4": {
            "learning_time": 2837162.7651367188, 
            "test_ll": -13698.086477158868
        }, 
        "fold_5": {
            "learning_time": 2848451.8439941406, 
            "test_ll": -11190.618227183395
        }, 
        "fold_6": {
            "learning_time": 2861333.4819335938, 
            "test_ll": -8320.887297776359
        }, 
        "fold_7": {
            "learning_time": 2833049.3051757812, 
            "test_ll": -8007.311066366626
        }, 
        "fold_8": {
            "learning_time": 2855212.0, 
            "test_ll": -9191.076435977306
        }, 
        "fold_9": {
            "learning_time": 2853122.0219726562, 
            "test_ll": -8472.771357450647
        }
    }
}