{
    "average_learning_time": 31.06421064453125, 
    "average_test_LL": -415.2887279360357,
    "folds": {
        "fold_1": {
            "learning_time": 31537.601806640625, 
            "test_LL": -454.0047782089947
        }, 
        "fold_10": {
            "learning_time": 31793.991943359375, 
            "test_LL": -567.1681516601352
        }, 
        "fold_2": {
            "learning_time": 30734.843994140625, 
            "test_LL": -441.18145001360585
        }, 
        "fold_3": {
            "learning_time": 30635.77392578125, 
            "test_LL": -447.1054193589639
        }, 
        "fold_4": {
            "learning_time": 30791.64794921875, 
            "test_LL": -422.975553554038
        }, 
        "fold_5": {
            "learning_time": 30458.6708984375, 
            "test_LL": -363.15064170344033
        }, 
        "fold_6": {
            "learning_time": 30983.695068359375, 
            "test_LL": -378.7780501111761
        }, 
        "fold_7": {
            "learning_time": 31510.971923828125, 
            "test_LL": -365.51336474711775
        }, 
        "fold_8": {
            "learning_time": 31170.116943359375, 
            "test_LL": -364.35682396770704
        }, 
        "fold_9": {
            "learning_time": 31024.7919921875, 
            "test_LL": -348.6530460351785
        }
    }
}