{
    "average_learning_time": 553.8449622314454, 
    "average_test_LL": -20567.24142025882,
    "folds": {
        "fold_1": {
            "learning_time": 610232.4409179688, 
            "test_LL": -22071.46573440276
        }, 
        "fold_10": {
            "learning_time": 460257.01611328125, 
            "test_LL": -21506.227583894834
        }, 
        "fold_2": {
            "learning_time": 734881.546875, 
            "test_LL": -21561.738471404387
        }, 
        "fold_3": {
            "learning_time": 814268.2260742188, 
            "test_LL": -17624.840251947993
        }, 
        "fold_4": {
            "learning_time": 683102.0502929688, 
            "test_LL": -20540.96562867818
        }, 
        "fold_5": {
            "learning_time": 472967.3427734375, 
            "test_LL": -22640.76351246441
        }, 
        "fold_6": {
            "learning_time": 442218.72216796875, 
            "test_LL": -20202.42865877829
        }, 
        "fold_7": {
            "learning_time": 433387.162109375, 
            "test_LL": -20818.2737412468
        }, 
        "fold_8": {
            "learning_time": 443830.7028808594, 
            "test_LL": -19222.225918788157
        }, 
        "fold_9": {
            "learning_time": 443304.412109375, 
            "test_LL": -19483.484700982357
        }
    }
}