{
    "average_learning_time": 2409.588179711914, 
    "average_test_ll": -20475.087830036042, 
    "folds": {
        "fold_1": {
            "learning_time": 2534869.21484375, 
            "test_ll": -17943.988848332254
        }, 
        "fold_10": {
            "learning_time": 2206851.7028808594, 
            "test_ll": -21878.44240165795
        }, 
        "fold_2": {
            "learning_time": 2522145.2880859375, 
            "test_ll": -18894.728761074177
        }, 
        "fold_3": {
            "learning_time": 2536225.1701660156, 
            "test_ll": -18281.77758419446
        }, 
        "fold_4": {
            "learning_time": 2463174.6721191406, 
            "test_ll": -21123.38821082419
        }, 
        "fold_5": {
            "learning_time": 2348861.4860839844, 
            "test_ll": -19183.967852366775
        }, 
        "fold_6": {
            "learning_time": 2554133.205078125, 
            "test_ll": -21471.488511925563
        }, 
        "fold_7": {
            "learning_time": 2524300.303955078, 
            "test_ll": -20876.931664007127
        }, 
        "fold_8": {
            "learning_time": 2203542.6879882812, 
            "test_ll": -26389.344369389157
        }, 
        "fold_9": {
            "learning_time": 2201778.0659179688, 
            "test_ll": -18706.820096588788
        }
    }
}