{
    "average_learning_time": 27.400469091796875, 
    "avg_accuracy": 0.22548015364916774, 
    "runs": {
        "run_1": {
            "accuracy": 0.21510883482714468, 
            "learning_time": 28390.04296875
        }, 
        "run_2": {
            "accuracy": 0.2413572343149808, 
            "learning_time": 27140.916015625
        }, 
        "run_3": {
            "accuracy": 0.23047375160051217, 
            "learning_time": 26938.542724609375
        }, 
        "run_4": {
            "accuracy": 0.24519846350832267, 
            "learning_time": 27668.31298828125
        }, 
        "run_5": {
            "accuracy": 0.19526248399487836, 
            "learning_time": 26864.53076171875
        }
    }
}