{
    "average_learning_time": 27.775210986328126, 
    "avg_accuracy": 0.3269230769230769, 
    "runs": {
        "run_1": {
            "accuracy": 0.34615384615384615, 
            "learning_time": 26793.251953125
        }, 
        "run_2": {
            "accuracy": 0.3301282051282051, 
            "learning_time": 27747.739990234375
        }, 
        "run_3": {
            "accuracy": 0.3108974358974359, 
            "learning_time": 27932.47900390625
        }, 
        "run_4": {
            "accuracy": 0.3333333333333333, 
            "learning_time": 28038.13623046875
        }, 
        "run_5": {
            "accuracy": 0.3141025641025641, 
            "learning_time": 28364.44775390625
        }
    }
}