{
    "average_learning_time": 27.429263037109376, 
    "avg_accuracy": 0.33269230769230773, 
    "runs": {
        "run_1": {
            "accuracy": 0.3141025641025641, 
            "learning_time": 27781.72998046875
        }, 
        "run_2": {
            "accuracy": 0.3269230769230769, 
            "learning_time": 27358.34619140625
        }, 
        "run_3": {
            "accuracy": 0.3108974358974359, 
            "learning_time": 27052.02294921875
        }, 
        "run_4": {
            "accuracy": 0.358974358974359, 
            "learning_time": 27331.361083984375
        }, 
        "run_5": {
            "accuracy": 0.3525641025641026, 
            "learning_time": 27622.85498046875
        }
    }
}