{
    "average_learning_time": 9.074072485351563, 
    "average_test_ll": -376.12699273080295, 
    "folds": {
        "fold_1": {
            "learning_time": 9273.149169921875, 
            "test_ll": -360.19337172177643
        }, 
        "fold_10": {
            "learning_time": 8497.89208984375, 
            "test_ll": -471.296322288637
        }, 
        "fold_2": {
            "learning_time": 8209.21484375, 
            "test_ll": -372.11170856103774
        }, 
        "fold_3": {
            "learning_time": 9722.683837890625, 
            "test_ll": -398.9521591894676
        }, 
        "fold_4": {
            "learning_time": 9353.581298828125, 
            "test_ll": -389.50901715676434
        }, 
        "fold_5": {
            "learning_time": 9150.0390625, 
            "test_ll": -301.9011292478767
        }, 
        "fold_6": {
            "learning_time": 9302.06884765625, 
            "test_ll": -365.89303171456413
        }, 
        "fold_7": {
            "learning_time": 8796.101806640625, 
            "test_ll": -331.6453316556242
        }, 
        "fold_8": {
            "learning_time": 9787.61083984375, 
            "test_ll": -388.9768185745821
        }, 
        "fold_9": {
            "learning_time": 8648.383056640625, 
            "test_ll": -380.7910371976989
        }
    }
}