{
    "average_learning_time": 6.014925634765625, 
    "average_test_ll": -112.75051892212332, 
    "folds": {
        "fold_1": {
            "learning_time": 6159.634765625, 
            "test_ll": -145.6621815301064
        }, 
        "fold_10": {
            "learning_time": 6100.342041015625, 
            "test_ll": -110.12992724780753
        }, 
        "fold_2": {
            "learning_time": 6048.92529296875, 
            "test_ll": -121.92760395934758
        }, 
        "fold_3": {
            "learning_time": 6050.31494140625, 
            "test_ll": -94.71508825167695
        }, 
        "fold_4": {
            "learning_time": 5905.2509765625, 
            "test_ll": -98.62163295848825
        }, 
        "fold_5": {
            "learning_time": 5945.48388671875, 
            "test_ll": -107.43369650608595
        }, 
        "fold_6": {
            "learning_time": 6072.94091796875, 
            "test_ll": -104.83856907664773
        }, 
        "fold_7": {
            "learning_time": 5963.0771484375, 
            "test_ll": -112.99442442574473
        }, 
        "fold_8": {
            "learning_time": 5874.812255859375, 
            "test_ll": -112.04583014202873
        }, 
        "fold_9": {
            "learning_time": 6028.47412109375, 
            "test_ll": -119.13623512329937
        }
    }
}