{
    "average_learning_time": 6.054502880859375, 
    "average_test_LL": -110.6693325290144,
    "folds": {
        "fold_1": {
            "learning_time": 5881.654052734375, 
            "test_LL": -105.00634211450924
        }, 
        "fold_10": {
            "learning_time": 5740.00634765625, 
            "test_LL": -102.43193036846915
        }, 
        "fold_2": {
            "learning_time": 6024.714111328125, 
            "test_LL": -96.36388286215913
        }, 
        "fold_3": {
            "learning_time": 6235.860107421875, 
            "test_LL": -88.34460615805551
        }, 
        "fold_4": {
            "learning_time": 6181.851318359375, 
            "test_LL": -110.47609150064909
        }, 
        "fold_5": {
            "learning_time": 6110.332763671875, 
            "test_LL": -124.30721174647034
        }, 
        "fold_6": {
            "learning_time": 6132.9189453125, 
            "test_LL": -131.6194424908427
        }, 
        "fold_7": {
            "learning_time": 6109.813232421875, 
            "test_LL": -116.37573006021647
        }, 
        "fold_8": {
            "learning_time": 6067.06396484375, 
            "test_LL": -117.08608236681081
        }, 
        "fold_9": {
            "learning_time": 6060.81396484375, 
            "test_LL": -114.68200562196142
        }
    }
}