{
    "average_learning_time": 776.4491559814453, 
    "average_test_LL": -9966.352666111172,
    "folds": {
        "fold_1": {
            "learning_time": 779621.9130859375, 
            "test_LL": -9699.468586042427
        }, 
        "fold_10": {
            "learning_time": 759152.583984375, 
            "test_LL": -11524.186468044318
        }, 
        "fold_2": {
            "learning_time": 774764.6831054688, 
            "test_LL": -9770.354768370878
        }, 
        "fold_3": {
            "learning_time": 775917.2299804688, 
            "test_LL": -11797.440564438588
        }, 
        "fold_4": {
            "learning_time": 764186.9772949219, 
            "test_LL": -9501.986023720186
        }, 
        "fold_5": {
            "learning_time": 781474.4360351562, 
            "test_LL": -8879.775072657816
        }, 
        "fold_6": {
            "learning_time": 783109.6232910156, 
            "test_LL": -10727.62493760186
        }, 
        "fold_7": {
            "learning_time": 791789.7341308594, 
            "test_LL": -8960.445748626835
        }, 
        "fold_8": {
            "learning_time": 785986.0148925781, 
            "test_LL": -8109.991865376465
        }, 
        "fold_9": {
            "learning_time": 768488.3640136719, 
            "test_LL": -10692.25262623233
        }
    }
}