{
    "average_learning_time": 29.81114609375, 
    "average_test_LL": -3709.65037592056,
    "folds": {
        "fold_1": {
            "learning_time": 35248.579833984375, 
            "test_LL": -5336.396441596465
        }, 
        "fold_10": {
            "learning_time": 25900.13916015625, 
            "test_LL": -3534.499702880792
        }, 
        "fold_2": {
            "learning_time": 30073.921142578125, 
            "test_LL": -3073.5011838642513
        }, 
        "fold_3": {
            "learning_time": 30418.553955078125, 
            "test_LL": -3315.8451674827743
        }, 
        "fold_4": {
            "learning_time": 30838.716064453125, 
            "test_LL": -3496.194096616119
        }, 
        "fold_5": {
            "learning_time": 31181.628173828125, 
            "test_LL": -3601.612078115472
        }, 
        "fold_6": {
            "learning_time": 30576.06201171875, 
            "test_LL": -3816.4549319926386
        }, 
        "fold_7": {
            "learning_time": 30183.15380859375, 
            "test_LL": -5118.4092962480245
        }, 
        "fold_8": {
            "learning_time": 27664.962890625, 
            "test_LL": -2766.076437749268
        }, 
        "fold_9": {
            "learning_time": 26025.743896484375, 
            "test_LL": -3037.514422659795
        }
    }
}