{
    "average_accuracy": 0.7630524811650787, 
    "average_learning_time": 29.987360009765624, 
    "average_nrmse": 0.12643459198002582, 
    "runs": {
        "run_1": {
            "accuracy": 0.7890295358649789, 
            "learning_time": 31203.886962890625, 
            "nrmse": 0.12612555109875992
        }, 
        "run_2": {
            "accuracy": 0.7819905213270142, 
            "learning_time": 29347.52099609375, 
            "nrmse": 0.12176611955847266
        }, 
        "run_3": {
            "accuracy": 0.773109243697479, 
            "learning_time": 29754.455078125, 
            "nrmse": 0.12545323203158512
        }, 
        "run_4": {
            "accuracy": 0.7323943661971831, 
            "learning_time": 29741.10302734375, 
            "nrmse": 0.12971843052279425
        }, 
        "run_5": {
            "accuracy": 0.7387387387387387, 
            "learning_time": 29889.833984375, 
            "nrmse": 0.12910962668851722
        }
    }
}