{
    "average_accuracy": 0.7647202351435461, 
    "average_error": 0.15817063548649204, 
    "average_learning_time": 79.24695659179687, 
    "average_nrmse": 0.13889335314400159, 
    "runs": {
        "run_1": {
            "accuracy": 0.7647058823529411, 
            "average_error": 0.15231517139276812, 
            "learning_time": 76752.76391601562, 
            "nrmse": 0.13157043482919545
        }, 
        "run_2": {
            "accuracy": 0.7701149425287356, 
            "average_error": 0.15611095696191005, 
            "learning_time": 79220.74926757812, 
            "nrmse": 0.13766743183457145
        }, 
        "run_3": {
            "accuracy": 0.756544502617801, 
            "average_error": 0.16423797846062166, 
            "learning_time": 79417.21899414062, 
            "nrmse": 0.14443359873022735
        }, 
        "run_4": {
            "accuracy": 0.7768595041322314, 
            "average_error": 0.15301482613621933, 
            "learning_time": 78961.72998046875, 
            "nrmse": 0.135483408703332
        }, 
        "run_5": {
            "accuracy": 0.7553763440860215, 
            "average_error": 0.16517424448094098, 
            "learning_time": 81882.32080078125, 
            "nrmse": 0.1453118916226816
        }
    }
}