{
    "average_accuracy": 0.7704025266130954, 
    "average_error": 0.1505688367840789, 
    "average_learning_time": 77.56386958007813, 
    "average_nrmse": 0.13081167763337245, 
    "runs": {
        "run_1": {
            "accuracy": 0.7912772585669782, 
            "average_error": 0.15136529543275107, 
            "learning_time": 76900.345703125, 
            "nrmse": 0.13702593393268336
        }, 
        "run_2": {
            "accuracy": 0.7805755395683454, 
            "average_error": 0.14138384514512747, 
            "learning_time": 76031.18896484375, 
            "nrmse": 0.12187369132349568
        }, 
        "run_3": {
            "accuracy": 0.7662337662337663, 
            "average_error": 0.15249400020801349, 
            "learning_time": 77772.67602539062, 
            "nrmse": 0.13217594181845843
        }, 
        "run_4": {
            "accuracy": 0.7597173144876325, 
            "average_error": 0.15092025185373167, 
            "learning_time": 80598.81518554688, 
            "nrmse": 0.12857964343907274
        }, 
        "run_5": {
            "accuracy": 0.7542087542087542, 
            "average_error": 0.15668079128077075, 
            "learning_time": 76516.32202148438, 
            "nrmse": 0.134403177653152
        }
    }
}