{
    "average_accuracy": 0.7550380569659793, 
    "average_error": 0.14991628772480478, 
    "average_learning_time": 76.37662919921874, 
    "average_nrmse": 0.1261548738975008, 
    "runs": {
        "run_1": {
            "accuracy": 0.7637130801687764, 
            "average_error": 0.1452153206662983, 
            "learning_time": 76847.88598632812, 
            "nrmse": 0.12244742087506696
        }, 
        "run_2": {
            "accuracy": 0.7630331753554502, 
            "average_error": 0.14883328279513883, 
            "learning_time": 75852.669921875, 
            "nrmse": 0.1267998973327861
        }, 
        "run_3": {
            "accuracy": 0.7773109243697479, 
            "average_error": 0.13585245144341876, 
            "learning_time": 77325.05102539062, 
            "nrmse": 0.11414329539671042
        }, 
        "run_4": {
            "accuracy": 0.7323943661971831, 
            "average_error": 0.15533033945501734, 
            "learning_time": 75333.98095703125, 
            "nrmse": 0.12726151586806744
        }, 
        "run_5": {
            "accuracy": 0.7387387387387387, 
            "average_error": 0.16435004426415067, 
            "learning_time": 76523.55810546875, 
            "nrmse": 0.14012224001487303
        }
    }
}