{
    "average_accuracy": 0.7671763639539508, 
    "average_learning_time": 29.75997685546875, 
    "average_nrmse": 0.1535649505637001, 
    "runs": {
        "run_1": {
            "accuracy": 0.7554112554112554, 
            "learning_time": 30637.991943359375, 
            "nrmse": 0.14737252342565332
        }, 
        "run_2": {
            "accuracy": 0.773972602739726, 
            "learning_time": 29740.240966796875, 
            "nrmse": 0.15707856133563433
        }, 
        "run_3": {
            "accuracy": 0.7632743362831859, 
            "learning_time": 29440.9111328125, 
            "nrmse": 0.15778861029896066
        }, 
        "run_4": {
            "accuracy": 0.7910112359550562, 
            "learning_time": 29340.256103515625, 
            "nrmse": 0.15589315458465589
        }, 
        "run_5": {
            "accuracy": 0.7522123893805309, 
            "learning_time": 29640.484130859375, 
            "nrmse": 0.14969190317359626
        }
    }
}