{
    "average_accuracy": 0.7416325836172383, 
    "average_learning_time": 29.817154248046876, 
    "average_nrmse": 0.11140745491144002, 
    "runs": {
        "run_1": {
            "accuracy": 0.7483443708609272, 
            "learning_time": 30594.175048828125, 
            "nrmse": 0.11301001478444664
        }, 
        "run_2": {
            "accuracy": 0.7611940298507462, 
            "learning_time": 29749.84326171875, 
            "nrmse": 0.1071744758153388
        }, 
        "run_3": {
            "accuracy": 0.78125, 
            "learning_time": 29716.08203125, 
            "nrmse": 0.10854169669283031
        }, 
        "run_4": {
            "accuracy": 0.6959459459459459, 
            "learning_time": 29767.31689453125, 
            "nrmse": 0.11325842468144448
        }, 
        "run_5": {
            "accuracy": 0.7214285714285714, 
            "learning_time": 29258.35400390625, 
            "nrmse": 0.11505266258313983
        }
    }
}