{
    "average_accuracy": 0.733090987473586, 
    "average_error": 0.14493760455228175, 
    "average_learning_time": 76.32136220703126, 
    "average_nrmse": 0.11444475255874872, 
    "runs": {
        "run_1": {
            "accuracy": 0.7284768211920529, 
            "average_error": 0.14500956173426416, 
            "learning_time": 76756.23291015625, 
            "nrmse": 0.11338115746584346
        }, 
        "run_2": {
            "accuracy": 0.746268656716418, 
            "average_error": 0.13718347822759927, 
            "learning_time": 76848.4599609375, 
            "nrmse": 0.10804651196360357
        }, 
        "run_3": {
            "accuracy": 0.78125, 
            "average_error": 0.1318061332881983, 
            "learning_time": 77171.1591796875, 
            "nrmse": 0.11007016661024785
        }, 
        "run_4": {
            "accuracy": 0.7094594594594594, 
            "average_error": 0.15020059327941143, 
            "learning_time": 76218.59008789062, 
            "nrmse": 0.11511560646412919
        }, 
        "run_5": {
            "accuracy": 0.7, 
            "average_error": 0.16048825623193563, 
            "learning_time": 74612.36889648438, 
            "nrmse": 0.12561032028991956
        }
    }
}