{
    "average_accuracy": 0.7611503146261485, 
    "average_learning_time": 29.791723193359374, 
    "average_nrmse": 0.13724462934333131, 
    "runs": {
        "run_1": {
            "accuracy": 0.7800511508951407, 
            "learning_time": 30987.844970703125, 
            "nrmse": 0.13797966307958398
        }, 
        "run_2": {
            "accuracy": 0.7701149425287356, 
            "learning_time": 29495.859130859375, 
            "nrmse": 0.13347955841183995
        }, 
        "run_3": {
            "accuracy": 0.7591623036649214, 
            "learning_time": 29487.533935546875, 
            "nrmse": 0.13240824051279212
        }, 
        "run_4": {
            "accuracy": 0.7410468319559229, 
            "learning_time": 29508.870849609375, 
            "nrmse": 0.1375150188781093
        }, 
        "run_5": {
            "accuracy": 0.7553763440860215, 
            "learning_time": 29478.507080078125, 
            "nrmse": 0.1448406658343312
        }
    }
}