{
    "average_accuracy": 0.7696831021526637, 
    "average_learning_time": 29.861592431640624, 
    "average_nrmse": 0.13391811249082572, 
    "runs": {
        "run_1": {
            "accuracy": 0.7912772585669782, 
            "learning_time": 30732.193115234375, 
            "nrmse": 0.12894097058752738
        }, 
        "run_2": {
            "accuracy": 0.7769784172661871, 
            "learning_time": 29269.656982421875, 
            "nrmse": 0.1433256833281014
        }, 
        "run_3": {
            "accuracy": 0.7662337662337663, 
            "learning_time": 29221.5830078125, 
            "nrmse": 0.13419794500298252
        }, 
        "run_4": {
            "accuracy": 0.7597173144876325, 
            "learning_time": 29840.003173828125, 
            "nrmse": 0.12498470116105409
        }, 
        "run_5": {
            "accuracy": 0.7542087542087542, 
            "learning_time": 30244.52587890625, 
            "nrmse": 0.13814126237446323
        }
    }
}