{
    "average_accuracy": 0.7599039472515999, 
    "average_error": 0.1654559038889335, 
    "average_learning_time": 79.2512392578125, 
    "average_nrmse": 0.14679586667406683, 
    "runs": {
        "run_1": {
            "accuracy": 0.7575757575757576, 
            "average_error": 0.1580819503403139, 
            "learning_time": 81698.99487304688, 
            "nrmse": 0.13699637731933176
        }, 
        "run_2": {
            "accuracy": 0.7511415525114156, 
            "average_error": 0.1662471579312955, 
            "learning_time": 80063.93383789062, 
            "nrmse": 0.14559433554197326
        }, 
        "run_3": {
            "accuracy": 0.7632743362831859, 
            "average_error": 0.17077522422354788, 
            "learning_time": 77622.53979492188, 
            "nrmse": 0.1542876143502313
        }, 
        "run_4": {
            "accuracy": 0.7775280898876404, 
            "average_error": 0.16499966574882502, 
            "learning_time": 78986.044921875, 
            "nrmse": 0.1506316046579414
        }, 
        "run_5": {
            "accuracy": 0.75, 
            "average_error": 0.16717552120068527, 
            "learning_time": 77884.68286132812, 
            "nrmse": 0.14646940150085658
        }
    }
}