{
    "average_accuracy": 0.7471442158211709, 
    "average_learning_time": 29.985971240234377, 
    "average_nrmse": 0.107247986664408, 
    "runs": {
        "run_1": {
            "accuracy": 0.726027397260274, 
            "learning_time": 30800.755859375, 
            "nrmse": 0.10233492372745662
        }, 
        "run_2": {
            "accuracy": 0.8, 
            "learning_time": 29566.93798828125, 
            "nrmse": 0.09844090591599478
        }, 
        "run_3": {
            "accuracy": 0.810126582278481, 
            "learning_time": 29868.296142578125, 
            "nrmse": 0.10703524485640725
        }, 
        "run_4": {
            "accuracy": 0.6571428571428571, 
            "learning_time": 29730.2451171875, 
            "nrmse": 0.12614356021005388
        }, 
        "run_5": {
            "accuracy": 0.7424242424242424, 
            "learning_time": 29963.62109375, 
            "nrmse": 0.10228529861212737
        }
    }
}