{
    "average_learning_time": 37.063853369140624, 
    "avg_accuracy": 0.42622107969151674, 
    "runs": {
        "run_1": {
            "accuracy": 0.4537275064267352, 
            "learning_time": 42183.44091796875
        }, 
        "run_2": {
            "accuracy": 0.4267352185089974, 
            "learning_time": 37227.12109375
        }, 
        "run_3": {
            "accuracy": 0.41002570694087404, 
            "learning_time": 36195.851806640625
        }, 
        "run_4": {
            "accuracy": 0.41773778920308485, 
            "learning_time": 35496.89892578125
        }, 
        "run_5": {
            "accuracy": 0.42287917737789205, 
            "learning_time": 34215.9541015625
        }
    }
}