{
    "average_learning_time": 35.93855551757812, 
    "avg_accuracy": 0.4133676092544987, 
    "runs": {
        "run_1": {
            "accuracy": 0.4222365038560411, 
            "learning_time": 38700.388916015625
        }, 
        "run_2": {
            "accuracy": 0.4138817480719794, 
            "learning_time": 36106.864013671875
        }, 
        "run_3": {
            "accuracy": 0.41259640102827766, 
            "learning_time": 35445.289794921875
        }, 
        "run_4": {
            "accuracy": 0.4241645244215938, 
            "learning_time": 35624.10498046875
        }, 
        "run_5": {
            "accuracy": 0.3939588688946015, 
            "learning_time": 33816.1298828125
        }
    }
}