{
    "average_learning_time": 32.480372119140625, 
    "avg_accuracy": 0.39083511777301927, 
    "runs": {
        "run_1": {
            "accuracy": 0.39400428265524623, 
            "learning_time": 33608.511962890625
        }, 
        "run_2": {
            "accuracy": 0.38886509635974303, 
            "learning_time": 30048.956787109375
        }, 
        "run_3": {
            "accuracy": 0.38372591006423984, 
            "learning_time": 33391.2578125
        }, 
        "run_4": {
            "accuracy": 0.3892933618843683, 
            "learning_time": 31810.501220703125
        }, 
        "run_5": {
            "accuracy": 0.39828693790149894, 
            "learning_time": 33542.6328125
        }
    }
}