{
    "average_learning_time": 32.25472626953125, 
    "avg_accuracy": 0.3885919835560124, 
    "runs": {
        "run_1": {
            "accuracy": 0.3997944501541624, 
            "learning_time": 35041.28125
        }, 
        "run_2": {
            "accuracy": 0.38335046248715315, 
            "learning_time": 29870.9560546875
        }, 
        "run_3": {
            "accuracy": 0.37307297019527236, 
            "learning_time": 32038.837890625
        }, 
        "run_4": {
            "accuracy": 0.381294964028777, 
            "learning_time": 31997.406005859375
        }, 
        "run_5": {
            "accuracy": 0.40544707091469684, 
            "learning_time": 32325.150146484375
        }
    }
}