{
    "average_learning_time": 36.814074365234376, 
    "avg_accuracy": 0.4202227934875749, 
    "runs": {
        "run_1": {
            "accuracy": 0.4241645244215938, 
            "learning_time": 37886.680908203125
        }, 
        "run_2": {
            "accuracy": 0.4233076263924593, 
            "learning_time": 35857.002197265625
        }, 
        "run_3": {
            "accuracy": 0.4130248500428449, 
            "learning_time": 38269.850830078125
        }, 
        "run_4": {
            "accuracy": 0.4241645244215938, 
            "learning_time": 36381.344970703125
        }, 
        "run_5": {
            "accuracy": 0.41645244215938304, 
            "learning_time": 35675.492919921875
        }
    }
}