{
    "average_learning_time": 48.521313183593755, 
    "avg_accuracy": 0.43496143958868894, 
    "runs": {
        "run_1": {
            "accuracy": 0.4267352185089974, 
            "learning_time": 47407.75390625
        }, 
        "run_2": {
            "accuracy": 0.42930591259640105, 
            "learning_time": 50190.322021484375
        }, 
        "run_3": {
            "accuracy": 0.4318766066838046, 
            "learning_time": 50440.922119140625
        }, 
        "run_4": {
            "accuracy": 0.4473007712082262, 
            "learning_time": 53732.660888671875
        }, 
        "run_5": {
            "accuracy": 0.43958868894601544, 
            "learning_time": 40834.906982421875
        }
    }
}