{
    "average_learning_time": 1360.8718889160157, 
    "average_test_LL": -8766.602339678791,
    "folds": {
        "fold_1": {
            "learning_time": 1374708.1779785156, 
            "test_LL": -8817.621201530688
        }, 
        "fold_10": {
            "learning_time": 1353102.0168457031, 
            "test_LL": -11772.369638120561
        }, 
        "fold_2": {
            "learning_time": 1351430.7690429688, 
            "test_LL": -8383.302806548138
        }, 
        "fold_3": {
            "learning_time": 1367806.9860839844, 
            "test_LL": -8606.926681777777
        }, 
        "fold_4": {
            "learning_time": 1354405.4260253906, 
            "test_LL": -8811.58250915661
        }, 
        "fold_5": {
            "learning_time": 1362682.2509765625, 
            "test_LL": -8114.0787641566785
        }, 
        "fold_6": {
            "learning_time": 1365898.8610839844, 
            "test_LL": -7933.710467516358
        }, 
        "fold_7": {
            "learning_time": 1364879.6069335938, 
            "test_LL": -8410.323679858633
        }, 
        "fold_8": {
            "learning_time": 1359871.4011230469, 
            "test_LL": -8814.67096035063
        }, 
        "fold_9": {
            "learning_time": 1353933.3930664062, 
            "test_LL": -8001.436687771849
        }
    }
}