{
    "average_learning_time": 482.40847780761715, 
    "average_test_LL": -5685.948730155164, 
    "folds": {
        "fold_1": {
            "learning_time": 247689.02294921875, 
            "test_LL": -5135.9227100236385
        }, 
        "fold_10": {
            "learning_time": 460297.98388671875, 
            "test_LL": -4801.4536308242905
        }, 
        "fold_2": {
            "learning_time": 338389.5749511719, 
            "test_LL": -4631.618018770518
        }, 
        "fold_3": {
            "learning_time": 397349.2141113281, 
            "test_LL": -5584.7932391646345
        }, 
        "fold_4": {
            "learning_time": 436097.3239746094, 
            "test_LL": -6296.1675951398975
        }, 
        "fold_5": {
            "learning_time": 466184.7578125, 
            "test_LL": -5879.354090752843
        }, 
        "fold_6": {
            "learning_time": 462256.7780761719, 
            "test_LL": -5814.385280860246
        }, 
        "fold_7": {
            "learning_time": 884030.1870117188, 
            "test_LL": -7217.62264284549
        }, 
        "fold_8": {
            "learning_time": 586435.3859863281, 
            "test_LL": -5748.893740413587
        }, 
        "fold_9": {
            "learning_time": 545354.5493164062, 
            "test_LL": -5749.276352756496
        }
    }
}