{
    "average_learning_time": 59.49260947265625, 
    "avg_accuracy": 0.45736434108527135, 
    "runs": {
        "run_1": {
            "accuracy": 0.4883720930232558, 
            "learning_time": 65604.72314453125
        }, 
        "run_2": {
            "accuracy": 0.45219638242894056, 
            "learning_time": 63173.05908203125
        }, 
        "run_3": {
            "accuracy": 0.4444444444444444, 
            "learning_time": 57649.14892578125
        }, 
        "run_4": {
            "accuracy": 0.4108527131782946, 
            "learning_time": 56352.836181640625
        }, 
        "run_5": {
            "accuracy": 0.4909560723514212, 
            "learning_time": 54683.280029296875
        }
    }
}