{
    "average_learning_time": 49.54927973632813, 
    "avg_accuracy": 0.3935483870967742, 
    "runs": {
        "run_1": {
            "accuracy": 0.41935483870967744, 
            "learning_time": 56787.48583984375
        }, 
        "run_2": {
            "accuracy": 0.3832258064516129, 
            "learning_time": 48340.23486328125
        }, 
        "run_3": {
            "accuracy": 0.39225806451612905, 
            "learning_time": 47726.031982421875
        }, 
        "run_4": {
            "accuracy": 0.3896774193548387, 
            "learning_time": 48005.844970703125
        }, 
        "run_5": {
            "accuracy": 0.3832258064516129, 
            "learning_time": 46886.801025390625
        }
    }
}