{
    "average_learning_time": 49.3308603515625, 
    "avg_accuracy": 0.3853532748839609, 
    "runs": {
        "run_1": {
            "accuracy": 0.3775141825683342, 
            "learning_time": 51009.0498046875
        }, 
        "run_2": {
            "accuracy": 0.3924703455389376, 
            "learning_time": 49048.554931640625
        }, 
        "run_3": {
            "accuracy": 0.3898916967509025, 
            "learning_time": 47068.65087890625
        }, 
        "run_4": {
            "accuracy": 0.37132542547705005, 
            "learning_time": 48251.381103515625
        }, 
        "run_5": {
            "accuracy": 0.39556472408457966, 
            "learning_time": 51276.6650390625
        }
    }
}