{
    "average_learning_time": 51.63641333007813, 
    "avg_accuracy": 0.3858125537403267, 
    "runs": {
        "run_1": {
            "accuracy": 0.39208942390369733, 
            "learning_time": 51706.1611328125
        }, 
        "run_2": {
            "accuracy": 0.3890799656061909, 
            "learning_time": 50845.43994140625
        }, 
        "run_3": {
            "accuracy": 0.38564058469475493, 
            "learning_time": 50007.1298828125
        }, 
        "run_4": {
            "accuracy": 0.3770421324161651, 
            "learning_time": 52845.414794921875
        }, 
        "run_5": {
            "accuracy": 0.38521066208082544, 
            "learning_time": 52777.9208984375
        }
    }
}