{
    "average_learning_time": 289.4398368164062, 
    "avg_accuracy": 0.7912873499022619, 
    "runs": {
        "run_1": {
            "accuracy": 0.7916783021502374, 
            "learning_time": 280624.89404296875
        }, 
        "run_2": {
            "accuracy": 0.7910499860374197, 
            "learning_time": 293215.4401855469
        }, 
        "run_3": {
            "accuracy": 0.792655682770176, 
            "learning_time": 308990.82666015625
        }, 
        "run_4": {
            "accuracy": 0.7909103602345714, 
            "learning_time": 280778.6242675781
        }, 
        "run_5": {
            "accuracy": 0.7901424183189053, 
            "learning_time": 283589.39892578125
        }
    }
}