{
    "average_learning_time": 285.5118132324219, 
    "avg_accuracy": 0.7889081262217258, 
    "runs": {
        "run_1": {
            "accuracy": 0.7904495950851718, 
            "learning_time": 287064.5458984375
        }, 
        "run_2": {
            "accuracy": 0.7895559899469422, 
            "learning_time": 285186.1809082031
        }, 
        "run_3": {
            "accuracy": 0.7895559899469422, 
            "learning_time": 282060.8791503906
        }, 
        "run_4": {
            "accuracy": 0.7865400726054175, 
            "learning_time": 286149.85205078125
        }, 
        "run_5": {
            "accuracy": 0.7884389835241553, 
            "learning_time": 287097.6081542969
        }
    }
}