{
    "average_learning_time": 281.7321901367187, 
    "avg_accuracy": 0.7877036209624872, 
    "runs": {
        "run_1": {
            "accuracy": 0.7861398119705855, 
            "learning_time": 284554.5949707031
        }, 
        "run_2": {
            "accuracy": 0.7892115796332495, 
            "learning_time": 278262.3288574219
        }, 
        "run_3": {
            "accuracy": 0.7906078376617333, 
            "learning_time": 279040.93505859375
        }, 
        "run_4": {
            "accuracy": 0.7848366378106674, 
            "learning_time": 281927.9079589844
        }, 
        "run_5": {
            "accuracy": 0.7877222377362003, 
            "learning_time": 284875.1838378906
        }
    }
}