{
    "average_learning_time": 32.051217993164066, 
    "average_test_LL": -505.6474672746058,
    "folds": {
        "fold_1": {
            "learning_time": 34322.384765625, 
            "test_LL": -540.5669940302682
        }, 
        "fold_10": {
            "learning_time": 30612.955078125, 
            "test_LL": -553.036765788013
        }, 
        "fold_2": {
            "learning_time": 31836.86376953125, 
            "test_LL": -519.6948072652245
        }, 
        "fold_3": {
            "learning_time": 31547.3369140625, 
            "test_LL": -524.7466362467665
        }, 
        "fold_4": {
            "learning_time": 31985.4677734375, 
            "test_LL": -443.53109677556836
        }, 
        "fold_5": {
            "learning_time": 31308.27587890625, 
            "test_LL": -488.7710784739774
        }, 
        "fold_6": {
            "learning_time": 33157.18701171875, 
            "test_LL": -470.64018206582386
        }, 
        "fold_7": {
            "learning_time": 32451.731689453125, 
            "test_LL": -477.76819685172615
        }, 
        "fold_8": {
            "learning_time": 32481.637939453125, 
            "test_LL": -533.8223680337424
        }, 
        "fold_9": {
            "learning_time": 30808.339111328125, 
            "test_LL": -503.89654721494685
        }
    }
}