{
    "average_learning_time": 30.64688659667969, 
    "average_test_LL": -592.3154723683837,
    "folds": {
        "fold_1": {
            "learning_time": 35935.070068359375, 
            "test_LL": 171.76085117080407
        }, 
        "fold_10": {
            "learning_time": 27744.56298828125, 
            "test_LL": -46.15382463790708
        }, 
        "fold_2": {
            "learning_time": 36233.1611328125, 
            "test_LL": 219.97819902090976
        }, 
        "fold_3": {
            "learning_time": 37352.989990234375, 
            "test_LL": 239.0550802307617
        }, 
        "fold_4": {
            "learning_time": 28654.013916015625, 
            "test_LL": 233.29827573814572
        }, 
        "fold_5": {
            "learning_time": 28047.54296875, 
            "test_LL": -273.4970758560757
        }, 
        "fold_6": {
            "learning_time": 28011.934814453125, 
            "test_LL": -771.116551721236
        }, 
        "fold_7": {
            "learning_time": 27854.379150390625, 
            "test_LL": -1338.0400593964616
        }, 
        "fold_8": {
            "learning_time": 28229.47216796875, 
            "test_LL": -690.0210368586744
        }, 
        "fold_9": {
            "learning_time": 28405.73876953125, 
            "test_LL": -3668.4185813741033
        }
    }
}