{
    "average_learning_time": 111.98503095703126, 
    "average_test_LL": -1726.6749191222505,
    "folds": {
        "fold_1": {
            "learning_time": 107573.9541015625, 
            "test_LL": -1408.7423521688004
        }, 
        "fold_10": {
            "learning_time": 119282.79516601562, 
            "test_LL": -1921.5071065754744
        }, 
        "fold_2": {
            "learning_time": 112867.94384765625, 
            "test_LL": -1519.6091597317086
        }, 
        "fold_3": {
            "learning_time": 116748.81713867188, 
            "test_LL": -2620.645745610343
        }, 
        "fold_4": {
            "learning_time": 101299.833984375, 
            "test_LL": -1006.6321610321148
        }, 
        "fold_5": {
            "learning_time": 116383.5712890625, 
            "test_LL": -1038.5568519780359
        }, 
        "fold_6": {
            "learning_time": 111419.75415039062, 
            "test_LL": -1611.8910991630553
        }, 
        "fold_7": {
            "learning_time": 112665.0849609375, 
            "test_LL": -1698.9940518932867
        }, 
        "fold_8": {
            "learning_time": 109437.01904296875, 
            "test_LL": -3210.8673677066727
        }, 
        "fold_9": {
            "learning_time": 112171.53588867188, 
            "test_LL": -1229.3032953630138
        }
    }
}