{
    "average_learning_time": 84.41990444335939, 
    "average_nrmse": 0.16523277817644172, 
    "runs": {
        "run_1": {
            "learning_time": 86366.14208984375, 
            "nrmse": 0.17068407221104556
        }, 
        "run_2": {
            "learning_time": 80244.95922851562, 
            "nrmse": 0.16534582394386058
        }, 
        "run_3": {
            "learning_time": 89565.74194335938, 
            "nrmse": 0.1663167177384353
        }, 
        "run_4": {
            "learning_time": 89379.36987304688, 
            "nrmse": 0.1674147861763733
        }, 
        "run_5": {
            "learning_time": 76543.30908203125, 
            "nrmse": 0.15640249081249383
        }
    }
}