{
    "average_learning_time": 90.7679072265625, 
    "average_nrmse": 0.14763098841465974, 
    "runs": {
        "run_1": {
            "learning_time": 89919.55395507812, 
            "nrmse": 0.14457258351184069
        }, 
        "run_2": {
            "learning_time": 92555.44409179688, 
            "nrmse": 0.1448862432778317
        }, 
        "run_3": {
            "learning_time": 80208.578125, 
            "nrmse": 0.1419981576299679
        }, 
        "run_4": {
            "learning_time": 101713.57690429688, 
            "nrmse": 0.15398390305864532
        }, 
        "run_5": {
            "learning_time": 89442.38305664062, 
            "nrmse": 0.15271405459501305
        }
    }
}