{
    "average_learning_time": 106.26241333007812, 
    "average_nrmse": 0.09948171786962812, 
    "runs": {
        "run_1": {
            "learning_time": 104979.19189453125, 
            "nrmse": 0.09677706785212377
        }, 
        "run_2": {
            "learning_time": 107766.69580078125, 
            "nrmse": 0.10224948261489576
        }, 
        "run_3": {
            "learning_time": 108011.5400390625, 
            "nrmse": 0.0958596708996388
        }, 
        "run_4": {
            "learning_time": 102205.57397460938, 
            "nrmse": 0.09958548865295322
        }, 
        "run_5": {
            "learning_time": 108349.06494140625, 
            "nrmse": 0.10293687932852905
        }
    }
}