{
    "average_learning_time": 104.207565625, 
    "average_nrmse": 0.12402979537507904, 
    "runs": {
        "run_1": {
            "learning_time": 107727.60400390625, 
            "nrmse": 0.12104181253201272
        }, 
        "run_2": {
            "learning_time": 107862.32202148438, 
            "nrmse": 0.12338926715175288
        }, 
        "run_3": {
            "learning_time": 105107.92919921875, 
            "nrmse": 0.126414737782551
        }, 
        "run_4": {
            "learning_time": 100740.15893554688, 
            "nrmse": 0.12205856732952251
        }, 
        "run_5": {
            "learning_time": 99599.81396484375, 
            "nrmse": 0.12724459207955596
        }
    }
}