{
    "average_learning_time": 104.23011381835937, 
    "average_nrmse": 0.112965112138017, 
    "runs": {
        "run_1": {
            "learning_time": 99462.10913085938, 
            "nrmse": 0.11155987331723283
        }, 
        "run_2": {
            "learning_time": 108818.08984375, 
            "nrmse": 0.1145506696800248
        }, 
        "run_3": {
            "learning_time": 97871.02709960938, 
            "nrmse": 0.1108564367218419
        }, 
        "run_4": {
            "learning_time": 108295.60791015625, 
            "nrmse": 0.10981727001353421
        }, 
        "run_5": {
            "learning_time": 106703.73510742188, 
            "nrmse": 0.1180413109574512
        }
    }
}