{
    "average_learning_time": 98.4526396484375, 
    "average_nrmse": 0.09687811659475179, 
    "runs": {
        "run_1": {
            "learning_time": 90571.8427734375, 
            "nrmse": 0.09765115046640149
        }, 
        "run_2": {
            "learning_time": 100169.02197265625, 
            "nrmse": 0.09782675131738998
        }, 
        "run_3": {
            "learning_time": 98115.6171875, 
            "nrmse": 0.10418244379703237
        }, 
        "run_4": {
            "learning_time": 104440.248046875, 
            "nrmse": 0.09499143459938501
        }, 
        "run_5": {
            "learning_time": 98966.46826171875, 
            "nrmse": 0.08973880279355008
        }
    }
}