{
    "average_learning_time": 72.72547431640625, 
    "average_test_ll": -2528.4483244915623, 
    "folds": {
        "fold_1": {
            "learning_time": 84306.8603515625, 
            "test_ll": -2629.7352448835036
        }, 
        "fold_10": {
            "learning_time": 71069.17602539062, 
            "test_ll": -2538.0461968636228
        }, 
        "fold_2": {
            "learning_time": 92055.38427734375, 
            "test_ll": -3184.735780578334
        }, 
        "fold_3": {
            "learning_time": 88191.4228515625, 
            "test_ll": -2481.5088701721397
        }, 
        "fold_4": {
            "learning_time": 77174.82177734375, 
            "test_ll": -3176.4755078065173
        }, 
        "fold_5": {
            "learning_time": 56147.77099609375, 
            "test_ll": -2215.560099876097
        }, 
        "fold_6": {
            "learning_time": 60807.546875, 
            "test_ll": -2400.6538503679076
        }, 
        "fold_7": {
            "learning_time": 64775.962158203125, 
            "test_ll": -2206.873065938661
        }, 
        "fold_8": {
            "learning_time": 60930.4150390625, 
            "test_ll": -2464.226910019107
        }, 
        "fold_9": {
            "learning_time": 71795.3828125, 
            "test_ll": -1986.6677184097368
        }
    }
}