{
    "average_learning_time": 1662.3035569335937, 
    "average_test_ll": -40771.480643587776, 
    "folds": {
        "fold_1": {
            "learning_time": 1496743.6870117188, 
            "test_ll": -40484.68900508123
        }, 
        "fold_10": {
            "learning_time": 2007863.3100585938, 
            "test_ll": -40841.46952720535
        }, 
        "fold_2": {
            "learning_time": 1494976.3510742188, 
            "test_ll": -40715.272691660924
        }, 
        "fold_3": {
            "learning_time": 1496969.9162597656, 
            "test_ll": -39637.68272255488
        }, 
        "fold_4": {
            "learning_time": 1714132.2800292969, 
            "test_ll": -41237.927435533675
        }, 
        "fold_5": {
            "learning_time": 1884099.11328125, 
            "test_ll": -41256.912269914654
        }, 
        "fold_6": {
            "learning_time": 1575415.8039550781, 
            "test_ll": -41286.10416516022
        }, 
        "fold_7": {
            "learning_time": 1609116.4619140625, 
            "test_ll": -40238.80006363282
        }, 
        "fold_8": {
            "learning_time": 1825742.7829589844, 
            "test_ll": -41434.213254557486
        }, 
        "fold_9": {
            "learning_time": 1517975.8627929688, 
            "test_ll": -40581.73530057649
        }
    }
}