{
    "average_learning_time": 29.55206298828125, 
    "average_test_ll": -704.7660426877308, 
    "folds": {
        "fold_1": {
            "learning_time": 30238.928955078125, 
            "test_ll": -348.96182433239403
        }, 
        "fold_10": {
            "learning_time": 28754.739990234375, 
            "test_ll": -1531.5967633307764
        }, 
        "fold_2": {
            "learning_time": 30047.417236328125, 
            "test_ll": -312.2418775468755
        }, 
        "fold_3": {
            "learning_time": 30586.885009765625, 
            "test_ll": -311.0957463067399
        }, 
        "fold_4": {
            "learning_time": 29950.060791015625, 
            "test_ll": -598.7716028768486
        }, 
        "fold_5": {
            "learning_time": 31868.406982421875, 
            "test_ll": -671.4080710490622
        }, 
        "fold_6": {
            "learning_time": 29342.73095703125, 
            "test_ll": -730.5148127712584
        }, 
        "fold_7": {
            "learning_time": 29365.346923828125, 
            "test_ll": -663.1318300755929
        }, 
        "fold_8": {
            "learning_time": 26784.302978515625, 
            "test_ll": -784.770406472328
        }, 
        "fold_9": {
            "learning_time": 28581.81005859375, 
            "test_ll": -1095.1674921154322
        }
    }
}