{
    "average_accuracy": 0.9119296776739201, 
    "average_error": 0.08579185768201954, 
    "average_learning_time": 2607.735894921875, 
    "average_nrmse": 0.07793628330009215, 
    "runs": {
        "run_1": {
            "accuracy": 0.913504016064257, 
            "average_error": 0.08421671637122909, 
            "learning_time": 2628608.8779296875, 
            "nrmse": 0.07472373724855925
        }, 
        "run_2": {
            "accuracy": 0.9116966710248416, 
            "average_error": 0.08668892947525804, 
            "learning_time": 2593828.4509277344, 
            "nrmse": 0.07931251979717843
        }, 
        "run_3": {
            "accuracy": 0.9113260781942765, 
            "average_error": 0.08562027061729427, 
            "learning_time": 2608921.569091797, 
            "nrmse": 0.07555657336304623
        }, 
        "run_4": {
            "accuracy": 0.9094795071662057, 
            "average_error": 0.08825561434734795, 
            "learning_time": 2605217.4228515625, 
            "nrmse": 0.0833093580180245
        }, 
        "run_5": {
            "accuracy": 0.9136421159200202, 
            "average_error": 0.08417775759896827, 
            "learning_time": 2602103.1538085938, 
            "nrmse": 0.07677922807365241
        }
    }
}