{
    "average_accuracy": 0.9115072165660049, 
    "average_error": 0.08477705238162565, 
    "average_learning_time": 2731.7410082519527, 
    "average_nrmse": 0.07306709384509409, 
    "runs": {
        "run_1": {
            "accuracy": 0.9092304611893479, 
            "average_error": 0.08634189223619708, 
            "learning_time": 2803344.5236816406, 
            "nrmse": 0.07105992721641019
        }, 
        "run_2": {
            "accuracy": 0.9120370370370371, 
            "average_error": 0.0856179304925335, 
            "learning_time": 2792425.662841797, 
            "nrmse": 0.07626767148714117
        }, 
        "run_3": {
            "accuracy": 0.9171661391339484, 
            "average_error": 0.08198718497618102, 
            "learning_time": 2793018.934814453, 
            "nrmse": 0.07730183694760022
        }, 
        "run_4": {
            "accuracy": 0.906908312713168, 
            "average_error": 0.0864109739183651, 
            "learning_time": 2663202.751953125, 
            "nrmse": 0.06882672328941716
        }, 
        "run_5": {
            "accuracy": 0.912194132756523, 
            "average_error": 0.08352728028485157, 
            "learning_time": 2606713.16796875, 
            "nrmse": 0.07187931028490167
        }
    }
}