{
    "average_accuracy": 0.9140392947017439, 
    "average_error": 0.08173007153133066, 
    "average_learning_time": 2787.547947607422, 
    "average_nrmse": 0.0674115409277897, 
    "runs": {
        "run_1": {
            "accuracy": 0.9133219897908117, 
            "average_error": 0.08194815056962675, 
            "learning_time": 2782212.8408203125, 
            "nrmse": 0.06645628587433108
        }, 
        "run_2": {
            "accuracy": 0.9131832797427653, 
            "average_error": 0.08544351797534432, 
            "learning_time": 2782221.2421875, 
            "nrmse": 0.07804547652512367
        }, 
        "run_3": {
            "accuracy": 0.9181156490093004, 
            "average_error": 0.0777693787214645, 
            "learning_time": 2787816.8981933594, 
            "nrmse": 0.06483395912524635
        }, 
        "run_4": {
            "accuracy": 0.911623246492986, 
            "average_error": 0.08102442119242605, 
            "learning_time": 2789300.6579589844, 
            "nrmse": 0.06246626947932121
        }, 
        "run_5": {
            "accuracy": 0.9139523084728565, 
            "average_error": 0.08246488919779173, 
            "learning_time": 2796188.098876953, 
            "nrmse": 0.06525571363492622
        }
    }
}