{
    "average_accuracy": 0.9145468986767765, 
    "average_error": 0.08140192487179773, 
    "average_learning_time": 2968.4120586425784, 
    "average_nrmse": 0.06444005866193038, 
    "runs": {
        "run_1": {
            "accuracy": 0.9175445705024311, 
            "average_error": 0.08105269482269929, 
            "learning_time": 3131301.5939941406, 
            "nrmse": 0.07279310120075443
        }, 
        "run_2": {
            "accuracy": 0.9149365047369482, 
            "average_error": 0.08580709422273657, 
            "learning_time": 2963570.587158203, 
            "nrmse": 0.08269682152837879
        }, 
        "run_3": {
            "accuracy": 0.9154957848253713, 
            "average_error": 0.07945514072366568, 
            "learning_time": 2951787.714111328, 
            "nrmse": 0.0574547789944704
        }, 
        "run_4": {
            "accuracy": 0.9065702230259193, 
            "average_error": 0.08374494316534169, 
            "learning_time": 2967387.29296875, 
            "nrmse": 0.05786363106912597
        }, 
        "run_5": {
            "accuracy": 0.918187410293213, 
            "average_error": 0.07694975142454548, 
            "learning_time": 2828013.1049804688, 
            "nrmse": 0.05139196051692232
        }
    }
}