{
    "average_accuracy": 0.9103114156220296, 
    "average_error": 0.08796673067173306, 
    "average_learning_time": 2519.48411484375, 
    "average_nrmse": 0.08134445029662604, 
    "runs": {
        "run_1": {
            "accuracy": 0.912584323803405, 
            "average_error": 0.08584307756752818, 
            "learning_time": 2586424.4741210938, 
            "nrmse": 0.07786823468288806
        }, 
        "run_2": {
            "accuracy": 0.9075962119685674, 
            "average_error": 0.09060700790613743, 
            "learning_time": 2578321.4970703125, 
            "nrmse": 0.08459048333754275
        }, 
        "run_3": {
            "accuracy": 0.909633693722769, 
            "average_error": 0.08797096073095474, 
            "learning_time": 2594323.822998047, 
            "nrmse": 0.08015858933474382
        }, 
        "run_4": {
            "accuracy": 0.9109456740442656, 
            "average_error": 0.08806035073099742, 
            "learning_time": 2505577.58203125, 
            "nrmse": 0.08524356618193492
        }, 
        "run_5": {
            "accuracy": 0.9107971745711403, 
            "average_error": 0.08735225642304752, 
            "learning_time": 2332773.197998047, 
            "nrmse": 0.07886137794602069
        }
    }
}