{
    "average_learning_time": 1914.9724335449218, 
    "average_nrmse": 0.13172655586271068, 
    "runs": {
        "run_1": {
            "learning_time": 1973260.9228515625, 
            "nrmse": 0.13170703069691234
        }, 
        "run_2": {
            "learning_time": 1897245.5087890625, 
            "nrmse": 0.13174673061315095
        }, 
        "run_3": {
            "learning_time": 1903265.5927734375, 
            "nrmse": 0.13192150927053126
        }, 
        "run_4": {
            "learning_time": 1902807.0380859375, 
            "nrmse": 0.13175837057068396
        }, 
        "run_5": {
            "learning_time": 1898283.1052246094, 
            "nrmse": 0.13149913816227485
        }
    }
}