{
    "average_learning_time": 1909.5715759765624, 
    "average_nrmse": 0.13008608040343103, 
    "runs": {
        "run_1": {
            "learning_time": 1925810.7629394531, 
            "nrmse": 0.1300332084365528
        }, 
        "run_2": {
            "learning_time": 1896846.5280761719, 
            "nrmse": 0.1306410640163223
        }, 
        "run_3": {
            "learning_time": 1919080.8110351562, 
            "nrmse": 0.13024063976721972
        }, 
        "run_4": {
            "learning_time": 1895223.5319824219, 
            "nrmse": 0.12938712495490856
        }, 
        "run_5": {
            "learning_time": 1910896.2458496094, 
            "nrmse": 0.13012836484215187
        }
    }
}