{
    "average_learning_time": 1921.8003943359374, 
    "average_nrmse": 0.12975574903316558, 
    "runs": {
        "run_1": {
            "learning_time": 2027460.5471191406, 
            "nrmse": 0.12986994110536637
        }, 
        "run_2": {
            "learning_time": 1919518.6059570312, 
            "nrmse": 0.12982682582899033
        }, 
        "run_3": {
            "learning_time": 1891551.0249023438, 
            "nrmse": 0.1301464939074023
        }, 
        "run_4": {
            "learning_time": 1879834.1228027344, 
            "nrmse": 0.1289641246935349
        }, 
        "run_5": {
            "learning_time": 1890637.6708984375, 
            "nrmse": 0.129971359630534
        }
    }
}