{
    "average_learning_time": 1947.1859379394532, 
    "average_nrmse": 0.13084288006018993, 
    "runs": {
        "run_1": {
            "learning_time": 1896269.4580078125, 
            "nrmse": 0.13055174321367288
        }, 
        "run_2": {
            "learning_time": 1884358.6887207031, 
            "nrmse": 0.13123342940478272
        }, 
        "run_3": {
            "learning_time": 2036561.1528320312, 
            "nrmse": 0.13103915894092483
        }, 
        "run_4": {
            "learning_time": 2059759.5051269531, 
            "nrmse": 0.13067949667165746
        }, 
        "run_5": {
            "learning_time": 1858980.8850097656, 
            "nrmse": 0.1307105720699119
        }
    }
}