{
    "average_learning_time": 1918.3565536132814, 
    "average_nrmse": 0.1331265285587308, 
    "runs": {
        "run_1": {
            "learning_time": 1925495.2768554688, 
            "nrmse": 0.13296320848258592
        }, 
        "run_2": {
            "learning_time": 1918876.2060546875, 
            "nrmse": 0.13312788527756297
        }, 
        "run_3": {
            "learning_time": 1904227.1481933594, 
            "nrmse": 0.1329373457763395
        }, 
        "run_4": {
            "learning_time": 1919285.8649902344, 
            "nrmse": 0.13330914004299294
        }, 
        "run_5": {
            "learning_time": 1923898.2719726562, 
            "nrmse": 0.13329506321417278
        }
    }
}