{
    "average_learning_time": 1777.241930859375, 
    "average_nrmse": 0.13542156352392345, 
    "runs": {
        "run_1": {
            "learning_time": 1822672.2800292969, 
            "nrmse": 0.1354285252740204
        }, 
        "run_2": {
            "learning_time": 1795979.74609375, 
            "nrmse": 0.13529121755221818
        }, 
        "run_3": {
            "learning_time": 1753077.8210449219, 
            "nrmse": 0.1353484782524918
        }, 
        "run_4": {
            "learning_time": 1738334.7229003906, 
            "nrmse": 0.13539506883529848
        }, 
        "run_5": {
            "learning_time": 1776145.0842285156, 
            "nrmse": 0.1356445277055885
        }
    }
}