{
    "average_learning_time": 69.87823544921875, 
    "average_nrmse": 0.17859525224324044, 
    "runs": {
        "run_1": {
            "learning_time": 70357.56005859375, 
            "nrmse": 0.17542284718373585
        }, 
        "run_2": {
            "learning_time": 69791.79809570312, 
            "nrmse": 0.1777315717008672
        }, 
        "run_3": {
            "learning_time": 69660.71411132812, 
            "nrmse": 0.18114679996934804
        }, 
        "run_4": {
            "learning_time": 69759.75805664062, 
            "nrmse": 0.18078035415106372
        }, 
        "run_5": {
            "learning_time": 69821.34692382812, 
            "nrmse": 0.17789468821118737
        }
    }
}