{
    "average_learning_time": 70.39011450195312, 
    "average_nrmse": 0.16525672585866474, 
    "runs": {
        "run_1": {
            "learning_time": 72524.05688476562, 
            "nrmse": 0.16892526305243755
        }, 
        "run_2": {
            "learning_time": 69955.48681640625, 
            "nrmse": 0.16503417790366173
        }, 
        "run_3": {
            "learning_time": 69726.52392578125, 
            "nrmse": 0.16484081865811756
        }, 
        "run_4": {
            "learning_time": 69859.76000976562, 
            "nrmse": 0.1653707322216166
        }, 
        "run_5": {
            "learning_time": 69884.74487304688, 
            "nrmse": 0.1621126374574902
        }
    }
}