{
    "average_learning_time": 72.21639501953125, 
    "average_nrmse": 0.1643403734809831, 
    "runs": {
        "run_1": {
            "learning_time": 71881.29614257812, 
            "nrmse": 0.16241908470161223
        }, 
        "run_2": {
            "learning_time": 73693.68286132812, 
            "nrmse": 0.16443633266433502
        }, 
        "run_3": {
            "learning_time": 72062.0419921875, 
            "nrmse": 0.17282903503255
        }, 
        "run_4": {
            "learning_time": 71968.21411132812, 
            "nrmse": 0.15985190395164284
        }, 
        "run_5": {
            "learning_time": 71476.73999023438, 
            "nrmse": 0.16216551105477536
        }
    }
}