{
    "average_learning_time": 69.81765810546875, 
    "average_nrmse": 0.17164430149695897, 
    "runs": {
        "run_1": {
            "learning_time": 70060.81494140625, 
            "nrmse": 0.1678651133028124
        }, 
        "run_2": {
            "learning_time": 69600.2529296875, 
            "nrmse": 0.17323840939850207
        }, 
        "run_3": {
            "learning_time": 69596.6708984375, 
            "nrmse": 0.1703082542239313
        }, 
        "run_4": {
            "learning_time": 69838.90795898438, 
            "nrmse": 0.17046603455994633
        }, 
        "run_5": {
            "learning_time": 69991.64379882812, 
            "nrmse": 0.17634369599960278
        }
    }
}