{
    "average_learning_time": 79.35176831054687, 
    "average_nrmse": 0.15423679447943392, 
    "runs": {
        "run_1": {
            "learning_time": 77171.25122070312, 
            "nrmse": 0.15478113667588356
        }, 
        "run_2": {
            "learning_time": 74696.37524414062, 
            "nrmse": 0.15593246695947552
        }, 
        "run_3": {
            "learning_time": 81726.96899414062, 
            "nrmse": 0.14847497828615822
        }, 
        "run_4": {
            "learning_time": 81663.201171875, 
            "nrmse": 0.16037578056824975
        }, 
        "run_5": {
            "learning_time": 81501.044921875, 
            "nrmse": 0.15161960990740259
        }
    }
}