{
    "average_learning_time": 74.28060903320313, 
    "average_nrmse": 0.160860039626845, 
    "runs": {
        "run_1": {
            "learning_time": 73803.92797851562, 
            "nrmse": 0.15358784390061014
        }, 
        "run_2": {
            "learning_time": 72496.96997070312, 
            "nrmse": 0.16586104866582074
        }, 
        "run_3": {
            "learning_time": 74099.85986328125, 
            "nrmse": 0.1612865206607739
        }, 
        "run_4": {
            "learning_time": 73898.43115234375, 
            "nrmse": 0.16112401110522387
        }, 
        "run_5": {
            "learning_time": 77103.85620117188, 
            "nrmse": 0.1624407738017964
        }
    }
}