{
    "average_learning_time": 405.0682942871094, 
    "average_test_LL": -20186.332901827212,
    "folds": {
        "fold_1": {
            "learning_time": 404599.5791015625, 
            "test_LL": -21477.956222697012
        }, 
        "fold_10": {
            "learning_time": 401415.4641113281, 
            "test_LL": -22207.08083132068
        }, 
        "fold_2": {
            "learning_time": 403411.68408203125, 
            "test_LL": -20778.40264450018
        }, 
        "fold_3": {
            "learning_time": 405280.5881347656, 
            "test_LL": -16520.736361343115
        }, 
        "fold_4": {
            "learning_time": 406963.1240234375, 
            "test_LL": -19941.13079901284
        }, 
        "fold_5": {
            "learning_time": 405610.1589355469, 
            "test_LL": -21651.718720036963
        }, 
        "fold_6": {
            "learning_time": 404357.5388183594, 
            "test_LL": -19578.966469492952
        }, 
        "fold_7": {
            "learning_time": 409262.3388671875, 
            "test_LL": -20647.58350833848
        }, 
        "fold_8": {
            "learning_time": 406124.1159667969, 
            "test_LL": -19932.39915177351
        }, 
        "fold_9": {
            "learning_time": 403658.3508300781, 
            "test_LL": -19127.354309756374
        }
    }
}