{
    "average_learning_time": 9044.239441699217, 
    "average_test_LL": -38696.446502090475, 
    "folds": {
        "fold_10": {
            "learning_time": 48814140.306884766, 
            "test_LL": -212167.85635813646
        }, 
        "fold_9": {
            "learning_time": 41628254.11010742, 
            "test_LL": -174796.6086627683
        }
    }
}