{
    "average_learning_time": 127.62828876953125, 
    "avg_accuracy": 0.7263624280017722, 
    "runs": {
        "run_1": {
            "accuracy": 0.7295081967213115, 
            "learning_time": 126821.51293945312
        }, 
        "run_2": {
            "accuracy": 0.7286220646876385, 
            "learning_time": 125594.01611328125
        }, 
        "run_3": {
            "accuracy": 0.7210899424014178, 
            "learning_time": 124492.92895507812
        }, 
        "run_4": {
            "accuracy": 0.7275143996455472, 
            "learning_time": 125371.93212890625
        }, 
        "run_5": {
            "accuracy": 0.7250775365529464, 
            "learning_time": 135861.0537109375
        }
    }
}