{
    "average_learning_time": 127.84979838867187, 
    "avg_accuracy": 0.7320287982278015, 
    "runs": {
        "run_1": {
            "accuracy": 0.7323241646667897, 
            "learning_time": 128182.94287109375
        }, 
        "run_2": {
            "accuracy": 0.7269706479601256, 
            "learning_time": 127223.3759765625
        }, 
        "run_3": {
            "accuracy": 0.7310319364962157, 
            "learning_time": 126998.2587890625
        }, 
        "run_4": {
            "accuracy": 0.7410005538120731, 
            "learning_time": 128162.6181640625
        }, 
        "run_5": {
            "accuracy": 0.7288166882038029, 
            "learning_time": 128681.79614257812
        }
    }
}