{
    "average_learning_time": 128.17818061523437, 
    "avg_accuracy": 0.7337025754638604, 
    "runs": {
        "run_1": {
            "accuracy": 0.7313763500415398, 
            "learning_time": 128972.5087890625
        }, 
        "run_2": {
            "accuracy": 0.7335918028247023, 
            "learning_time": 128219.39404296875
        }, 
        "run_3": {
            "accuracy": 0.7272223760731099, 
            "learning_time": 128212.85302734375
        }, 
        "run_4": {
            "accuracy": 0.7427305455552479, 
            "learning_time": 128184.87426757812
        }, 
        "run_5": {
            "accuracy": 0.7335918028247023, 
            "learning_time": 127301.27294921875
        }
    }
}