{
    "average_learning_time": 127.07634731445313, 
    "avg_accuracy": 0.732428690113542, 
    "runs": {
        "run_1": {
            "accuracy": 0.7316532816394351, 
            "learning_time": 127557.59912109375
        }, 
        "run_2": {
            "accuracy": 0.7342841318194406, 
            "learning_time": 127455.21411132812
        }, 
        "run_3": {
            "accuracy": 0.7313763500415398, 
            "learning_time": 126771.11108398438
        }, 
        "run_4": {
            "accuracy": 0.7363611188036555, 
            "learning_time": 127246.10815429688
        }, 
        "run_5": {
            "accuracy": 0.7284685682636389, 
            "learning_time": 126351.7041015625
        }
    }
}