{
    "average_learning_time": 129.38751806640624, 
    "avg_accuracy": 0.7151246537396121, 
    "runs": {
        "run_1": {
            "accuracy": 0.7168975069252077, 
            "learning_time": 131057.9111328125
        }, 
        "run_2": {
            "accuracy": 0.7185595567867036, 
            "learning_time": 129697.47802734375
        }, 
        "run_3": {
            "accuracy": 0.6980609418282548, 
            "learning_time": 129802.75024414062
        }, 
        "run_4": {
            "accuracy": 0.7274238227146814, 
            "learning_time": 128096.958984375
        }, 
        "run_5": {
            "accuracy": 0.7146814404432132, 
            "learning_time": 128282.49194335938
        }
    }
}