{
    "average_learning_time": 5251.547274853516, 
    "average_nrmse": 0.09164133704223362, 
    "runs": {
        "run_1": {
            "learning_time": 5200735.199951172, 
            "nrmse": 0.09371479689059481
        }, 
        "run_2": {
            "learning_time": 5384725.805908203, 
            "nrmse": 0.09100375725920287
        }, 
        "run_3": {
            "learning_time": 5307740.645996094, 
            "nrmse": 0.09009381936283482
        }, 
        "run_4": {
            "learning_time": 5388788.251220703, 
            "nrmse": 0.0919043102727937
        }, 
        "run_5": {
            "learning_time": 4975746.471191406, 
            "nrmse": 0.09149000142574189
        }
    }
}