{
    "average_learning_time": 5946.247649169922, 
    "average_nrmse": 0.10391110853166598, 
    "runs": {
        "run_1": {
            "learning_time": 5946247.649169922, 
            "nrmse": 0.10391110853166598
        }
    }
}