{
    "average_learning_time": 5810.880583007813, 
    "average_nrmse": 0.10983648288458683, 
    "runs": {
        "run_1": {
            "learning_time": 5810880.5830078125, 
            "nrmse": 0.10983648288458683
        }
    }
}