{
    "average_learning_time": 7051.267917236328, 
    "average_nrmse": 0.09540275497085984, 
    "runs": {
        "run_1": {
            "learning_time": 6181512.8759765625, 
            "nrmse": 0.09674595000974656
        }, 
        "run_2": {
            "learning_time": 7277598.676025391, 
            "nrmse": 0.09617566265601268
        }, 
        "run_3": {
            "learning_time": 6294017.100097656, 
            "nrmse": 0.09394007516728876
        }, 
        "run_4": {
            "learning_time": 7732990.236083984, 
            "nrmse": 0.09688561630983694
        }, 
        "run_5": {
            "learning_time": 7770220.697998047, 
            "nrmse": 0.09326647071141432
        }
    }
}