{
    "average_learning_time": 5851.046170166016, 
    "average_nrmse": 0.10001429739915364, 
    "runs": {
        "run_1": {
            "learning_time": 5851046.170166016, 
            "nrmse": 0.10001429739915364
        }
    }
}