{
    "average_learning_time": 3500.914365161133, 
    "average_test_LL": -18775.940133966495, 
    "folds": {
        "fold_1": {
            "learning_time": 3531908.3559570312, 
            "test_LL": -11111.020435424238
        }, 
        "fold_10": {
            "learning_time": 3829614.932861328, 
            "test_LL": -25399.624499037527
        }, 
        "fold_2": {
            "learning_time": 3457487.604736328, 
            "test_LL": -10182.191088649968
        }, 
        "fold_3": {
            "learning_time": 3460270.6643066406, 
            "test_LL": -18366.830340700115
        }, 
        "fold_4": {
            "learning_time": 3461648.6098632812, 
            "test_LL": -16182.14154075967
        }, 
        "fold_5": {
            "learning_time": 3469949.589111328, 
            "test_LL": -20636.80774836414
        }, 
        "fold_6": {
            "learning_time": 3456875.7729492188, 
            "test_LL": -28697.146972369497
        }, 
        "fold_7": {
            "learning_time": 3445668.3618164062, 
            "test_LL": -24247.653575593005
        }, 
        "fold_8": {
            "learning_time": 3473559.75, 
            "test_LL": -17854.9557212805
        }, 
        "fold_9": {
            "learning_time": 3422160.0100097656, 
            "test_LL": -15081.029417486308
        }
    }
}