{
    "average_learning_time": 475.0629609375, 
    "average_nrmse": 0.14104795371689438, 
    "runs": {
        "run_1": {
            "learning_time": 597055.4567871094, 
            "nrmse": 0.1406929335064341
        }, 
        "run_2": {
            "learning_time": 603809.1198730469, 
            "nrmse": 0.13809619798579884
        }, 
        "run_3": {
            "learning_time": 521640.4050292969, 
            "nrmse": 0.14097535025202063
        }, 
        "run_4": {
            "learning_time": 322746.8649902344, 
            "nrmse": 0.14905199684377704
        }, 
        "run_5": {
            "learning_time": 330062.9580078125, 
            "nrmse": 0.13642328999644127
        }
    }
}