{
    "average_learning_time": 312.7011625488281, 
    "average_nrmse": 0.15647922006804926, 
    "runs": {
        "run_1": {
            "learning_time": 326525.2941894531, 
            "nrmse": 0.155631591391883
        }, 
        "run_2": {
            "learning_time": 322355.6892089844, 
            "nrmse": 0.15425716743673892
        }, 
        "run_3": {
            "learning_time": 263974.99609375, 
            "nrmse": 0.15911017234927632
        }, 
        "run_4": {
            "learning_time": 325393.89208984375, 
            "nrmse": 0.1589781138240413
        }, 
        "run_5": {
            "learning_time": 325255.9411621094, 
            "nrmse": 0.15441905533830677
        }
    }
}