{
    "average_learning_time": 331.5518434570312, 
    "average_nrmse": 0.14800200931530225, 
    "runs": {
        "run_1": {
            "learning_time": 335611.4470214844, 
            "nrmse": 0.14764703427252243
        }, 
        "run_2": {
            "learning_time": 333859.2609863281, 
            "nrmse": 0.15121473369998045
        }, 
        "run_3": {
            "learning_time": 329842.4501953125, 
            "nrmse": 0.14860677303259817
        }, 
        "run_4": {
            "learning_time": 331382.10986328125, 
            "nrmse": 0.14966792713141172
        }, 
        "run_5": {
            "learning_time": 327063.94921875, 
            "nrmse": 0.14287357843999848
        }
    }
}