{
    "average_learning_time": 273.66160019531253, 
    "average_nrmse": 0.16046608555039918, 
    "runs": {
        "run_1": {
            "learning_time": 314508.43017578125, 
            "nrmse": 0.15813629065789836
        }, 
        "run_2": {
            "learning_time": 273871.037109375, 
            "nrmse": 0.16173253947998412
        }, 
        "run_3": {
            "learning_time": 208535.544921875, 
            "nrmse": 0.15708183712536497
        }, 
        "run_4": {
            "learning_time": 283754.7067871094, 
            "nrmse": 0.16298843375659716
        }, 
        "run_5": {
            "learning_time": 287638.2819824219, 
            "nrmse": 0.16239132673215143
        }
    }
}