{
    "average_learning_time": 323.02247075195316, 
    "average_nrmse": 0.15137812472253157, 
    "runs": {
        "run_1": {
            "learning_time": 323851.3420410156, 
            "nrmse": 0.14524582410516354
        }, 
        "run_2": {
            "learning_time": 321755.15087890625, 
            "nrmse": 0.15011523452764403
        }, 
        "run_3": {
            "learning_time": 319945.0998535156, 
            "nrmse": 0.15470105929394629
        }, 
        "run_4": {
            "learning_time": 324158.89404296875, 
            "nrmse": 0.15746704400274575
        }, 
        "run_5": {
            "learning_time": 325401.8669433594, 
            "nrmse": 0.14936146168315828
        }
    }
}