{
    "average_learning_time": 36.35152153320312, 
    "avg_accuracy": 0.7378172588832488, 
    "runs": {
        "run_1": {
            "accuracy": 0.7436548223350253, 
            "learning_time": 36284.69384765625
        }, 
        "run_2": {
            "accuracy": 0.7347715736040609, 
            "learning_time": 35869.8408203125
        }, 
        "run_3": {
            "accuracy": 0.7208121827411168, 
            "learning_time": 37252.655029296875
        }, 
        "run_4": {
            "accuracy": 0.751269035532995, 
            "learning_time": 35996.010986328125
        }, 
        "run_5": {
            "accuracy": 0.7385786802030457, 
            "learning_time": 36354.406982421875
        }
    }
}