{
    "average_learning_time": 36.665341601562496, 
    "avg_accuracy": 0.7386176284083703, 
    "runs": {
        "run_1": {
            "accuracy": 0.7273303741280913, 
            "learning_time": 35553.418212890625
        }, 
        "run_2": {
            "accuracy": 0.7444514901712111, 
            "learning_time": 36276.009765625
        }, 
        "run_3": {
            "accuracy": 0.7476220672162334, 
            "learning_time": 36267.06689453125
        }, 
        "run_4": {
            "accuracy": 0.7419150285351934, 
            "learning_time": 36877.565185546875
        }, 
        "run_5": {
            "accuracy": 0.7317691819911224, 
            "learning_time": 38352.64794921875
        }
    }
}