{
    "average_learning_time": 29.231918212890626, 
    "avg_accuracy": 0.6980557903634826, 
    "runs": {
        "run_1": {
            "accuracy": 0.6846999154691462, 
            "learning_time": 27470.154052734375
        }, 
        "run_2": {
            "accuracy": 0.6830092983939138, 
            "learning_time": 28081.56494140625
        }, 
        "run_3": {
            "accuracy": 0.687235841081995, 
            "learning_time": 30996.967041015625
        }, 
        "run_4": {
            "accuracy": 0.7197802197802198, 
            "learning_time": 29630.8701171875
        }, 
        "run_5": {
            "accuracy": 0.7155536770921387, 
            "learning_time": 29980.034912109375
        }
    }
}