{
    "average_learning_time": 35.943589892578125, 
    "avg_accuracy": 0.7426880811496196, 
    "runs": {
        "run_1": {
            "accuracy": 0.7404902789518174, 
            "learning_time": 36787.425048828125
        }, 
        "run_2": {
            "accuracy": 0.746407438715131, 
            "learning_time": 35264.603271484375
        }, 
        "run_3": {
            "accuracy": 0.7404902789518174, 
            "learning_time": 36202.26806640625
        }, 
        "run_4": {
            "accuracy": 0.757396449704142, 
            "learning_time": 35814.552001953125
        }, 
        "run_5": {
            "accuracy": 0.7286559594251902, 
            "learning_time": 35649.10107421875
        }
    }
}