{
    "average_learning_time": 36.71546298828125, 
    "avg_accuracy": 0.7395939086294417, 
    "runs": {
        "run_1": {
            "accuracy": 0.7385786802030457, 
            "learning_time": 36145.169921875
        }, 
        "run_2": {
            "accuracy": 0.7309644670050761, 
            "learning_time": 36521.60400390625
        }, 
        "run_3": {
            "accuracy": 0.6954314720812182, 
            "learning_time": 38191.216064453125
        }, 
        "run_4": {
            "accuracy": 0.7563451776649747, 
            "learning_time": 36744.5849609375
        }, 
        "run_5": {
            "accuracy": 0.7766497461928934, 
            "learning_time": 35974.739990234375
        }
    }
}