{
    "average_learning_time": 5.450734985351563, 
    "average_test_LL": -406.21610870128524,
    "folds": {
        "fold_1": {
            "learning_time": 5401.180908203125, 
            "test_LL": -19.488404758195514
        }, 
        "fold_10": {
            "learning_time": 5114.278076171875, 
            "test_LL": -663.5830964677176
        }, 
        "fold_2": {
            "learning_time": 5429.657958984375, 
            "test_LL": -25.62355862543967
        }, 
        "fold_3": {
            "learning_time": 5355.933837890625, 
            "test_LL": -31.114635286929964
        }, 
        "fold_4": {
            "learning_time": 5372.704833984375, 
            "test_LL": -342.95169907788556
        }, 
        "fold_5": {
            "learning_time": 5233.930908203125, 
            "test_LL": -337.18889601628604
        }, 
        "fold_6": {
            "learning_time": 5557.22314453125, 
            "test_LL": -311.3022502556839
        }, 
        "fold_7": {
            "learning_time": 6326.3193359375, 
            "test_LL": -523.9834795800841
        }, 
        "fold_8": {
            "learning_time": 5594.4658203125, 
            "test_LL": -962.6899302393325
        }, 
        "fold_9": {
            "learning_time": 5121.655029296875, 
            "test_LL": -844.2351367052976
        }
    }
}