{
    "average_learning_time": 0.184999853515625, 
    "average_test_LL": 1040.0840903410256,
    "folds": {
        "fold_1": {
            "learning_time": 189.746826171875, 
            "test_LL": 1085.6163910005494
        }, 
        "fold_10": {
            "learning_time": 159.89697265625, 
            "test_LL": 1042.063153173201
        }, 
        "fold_2": {
            "learning_time": 160.572021484375, 
            "test_LL": 1035.2828722931117
        }, 
        "fold_3": {
            "learning_time": 254.238037109375, 
            "test_LL": 1030.1152546389583
        }, 
        "fold_4": {
            "learning_time": 159.16796875, 
            "test_LL": 972.9887333928993
        }, 
        "fold_5": {
            "learning_time": 166.14208984375, 
            "test_LL": 967.3695175372277
        }, 
        "fold_6": {
            "learning_time": 164.842041015625, 
            "test_LL": 1069.450587187106
        }, 
        "fold_7": {
            "learning_time": 196.26318359375, 
            "test_LL": 1059.6013041611182
        }, 
        "fold_8": {
            "learning_time": 238.84619140625, 
            "test_LL": 1029.7988799016025
        }, 
        "fold_9": {
            "learning_time": 160.283203125, 
            "test_LL": 1108.5542101244816
        }
    }
}