{
    "average_learning_time": 31.43678564453125, 
    "average_test_LL": -214.63839617177723,
    "folds": {
        "fold_1": {
            "learning_time": 17524.205078125, 
            "test_LL": -227.23322046371038
        }, 
        "fold_10": {
            "learning_time": 37083.378173828125, 
            "test_LL": -278.29118003253024
        }, 
        "fold_2": {
            "learning_time": 18074.6328125, 
            "test_LL": -157.84480241170905
        }, 
        "fold_3": {
            "learning_time": 16988.23095703125, 
            "test_LL": -116.77705444715986
        }, 
        "fold_4": {
            "learning_time": 20406.610107421875, 
            "test_LL": -282.0002173502687
        }, 
        "fold_5": {
            "learning_time": 31984.4560546875, 
            "test_LL": -246.05000792817287
        }, 
        "fold_6": {
            "learning_time": 43951.76513671875, 
            "test_LL": -192.0277262514461
        }, 
        "fold_7": {
            "learning_time": 46784.481201171875, 
            "test_LL": -226.9860536333365
        }, 
        "fold_8": {
            "learning_time": 44883.8310546875, 
            "test_LL": -211.60083278356822
        }, 
        "fold_9": {
            "learning_time": 36686.265869140625, 
            "test_LL": -207.5728664158704
        }
    }
}