{
    "average_learning_time": 4375.930639501954, 
    "avg_accuracy": 0.9048158354617556, 
    "runs": {
        "run_1": {
            "accuracy": 0.9054924497020209, 
            "learning_time": 4360367.1298828125
        }, 
        "run_2": {
            "accuracy": 0.9049099341309316, 
            "learning_time": 4379229.651855469
        }, 
        "run_3": {
            "accuracy": 0.9042714074472376, 
            "learning_time": 4395365.180175781
        }, 
        "run_4": {
            "accuracy": 0.9043274185598422, 
            "learning_time": 4389431.642578125
        }, 
        "run_5": {
            "accuracy": 0.9050779674687458, 
            "learning_time": 4355259.593017578
        }
    }
}