{
    "average_learning_time": 4401.9626760253905, 
    "avg_accuracy": 0.9038209127995444, 
    "runs": {
        "run_1": {
            "accuracy": 0.902409424856004, 
            "learning_time": 4433241.533935547
        }, 
        "run_2": {
            "accuracy": 0.9038377162274437, 
            "learning_time": 4380378.294921875
        }, 
        "run_3": {
            "accuracy": 0.9049019333277322, 
            "learning_time": 4433132.391113281
        }, 
        "run_4": {
            "accuracy": 0.903604335284398, 
            "learning_time": 4375709.807128906
        }, 
        "run_5": {
            "accuracy": 0.9043511543021443, 
            "learning_time": 4387351.353027344
        }
    }
}