{
    "average_learning_time": 373.6096266113281, 
    "avg_accuracy": 0.8147207207207205, 
    "runs": {
        "run_1": {
            "accuracy": 0.809009009009009, 
            "learning_time": 383730.76708984375
        }, 
        "run_2": {
            "accuracy": 0.8169369369369369, 
            "learning_time": 370932.5480957031
        }, 
        "run_3": {
            "accuracy": 0.8157657657657658, 
            "learning_time": 370864.89892578125
        }, 
        "run_4": {
            "accuracy": 0.8145945945945946, 
            "learning_time": 372243.18310546875
        }, 
        "run_5": {
            "accuracy": 0.8172972972972973, 
            "learning_time": 370276.73583984375
        }
    }
}