{
    "average_learning_time": 9893.958860229492, 
    "average_test_LL": -27434.123310870054,
    "folds": {
        "fold_1": {
            "learning_time": 9769077.985107422, 
            "test_LL": -17126.038311935346
        }, 
        "fold_10": {
            "learning_time": 8596794.312011719, 
            "test_LL": -42579.46534219435
        }, 
        "fold_2": {
            "learning_time": 8689179.237060547, 
            "test_LL": -28915.280806651197
        }, 
        "fold_3": {
            "learning_time": 8570778.912109375, 
            "test_LL": -34817.093117508535
        }, 
        "fold_4": {
            "learning_time": 8564136.474121094, 
            "test_LL": -22968.51389999975
        }, 
        "fold_5": {
            "learning_time": 8996401.182861328, 
            "test_LL": -29300.331552366468
        }, 
        "fold_6": {
            "learning_time": 11065253.32006836, 
            "test_LL": -21812.733145939903
        }, 
        "fold_7": {
            "learning_time": 11071825.596191406, 
            "test_LL": -28868.98630330623
        }, 
        "fold_8": {
            "learning_time": 9809117.727783203, 
            "test_LL": -21037.614002878247
        }, 
        "fold_9": {
            "learning_time": 13807023.854980469, 
            "test_LL": -26915.176625920485
        }
    }
}