{
    "average_learning_time": 1052.0651216308593, 
    "average_nrmse": 0.11449201039881436, 
    "runs": {
        "run_1": {
            "learning_time": 1193802.5009765625, 
            "nrmse": 0.11555186689876643
        }, 
        "run_2": {
            "learning_time": 1058273.4011230469, 
            "nrmse": 0.1128499174430778
        }, 
        "run_3": {
            "learning_time": 1043785.9572753906, 
            "nrmse": 0.11604384266031746
        }, 
        "run_4": {
            "learning_time": 1067295.3559570312, 
            "nrmse": 0.11413725612423992
        }, 
        "run_5": {
            "learning_time": 897168.3928222656, 
            "nrmse": 0.11387716886767021
        }
    }
}