{
    "average_learning_time": 985.1582431640625, 
    "average_nrmse": 0.12288339658300647, 
    "runs": {
        "run_1": {
            "learning_time": 1197062.9729003906, 
            "nrmse": 0.129446016055634
        }, 
        "run_2": {
            "learning_time": 1008716.7768554688, 
            "nrmse": 0.12182383092559095
        }, 
        "run_3": {
            "learning_time": 869647.4631347656, 
            "nrmse": 0.11981404124052869
        }, 
        "run_4": {
            "learning_time": 1068153.8671875, 
            "nrmse": 0.1250179217759226
        }, 
        "run_5": {
            "learning_time": 782210.1357421875, 
            "nrmse": 0.11831517291735608
        }
    }
}