{
    "average_learning_time": 1042.447551904297, 
    "average_nrmse": 0.1124803096472869, 
    "runs": {
        "run_1": {
            "learning_time": 795489.0690917969, 
            "nrmse": 0.11035924698398199
        }, 
        "run_2": {
            "learning_time": 985153.6818847656, 
            "nrmse": 0.1138760508332324
        }, 
        "run_3": {
            "learning_time": 1083525.1743164062, 
            "nrmse": 0.11724160112205224
        }, 
        "run_4": {
            "learning_time": 1126572.8410644531, 
            "nrmse": 0.11168678207513023
        }, 
        "run_5": {
            "learning_time": 1221496.9931640625, 
            "nrmse": 0.10923786722203768
        }
    }
}