{
    "average_learning_time": 855.8421826660156, 
    "average_nrmse": 0.13135222833177065, 
    "runs": {
        "run_1": {
            "learning_time": 1115657.8188476562, 
            "nrmse": 0.13274439950660658
        }, 
        "run_2": {
            "learning_time": 1013568.951171875, 
            "nrmse": 0.13291962386885764
        }, 
        "run_3": {
            "learning_time": 734082.6999511719, 
            "nrmse": 0.13073715196448432
        }, 
        "run_4": {
            "learning_time": 638861.1381835938, 
            "nrmse": 0.12969594840661905
        }, 
        "run_5": {
            "learning_time": 777040.3051757812, 
            "nrmse": 0.13066401791228566
        }
    }
}