{
    "average_learning_time": 1129.4784940917968, 
    "average_nrmse": 0.11018415985461896, 
    "runs": {
        "run_1": {
            "learning_time": 1194312.8029785156, 
            "nrmse": 0.1094880167895447
        }, 
        "run_2": {
            "learning_time": 1061961.6262207031, 
            "nrmse": 0.11055218139149517
        }, 
        "run_3": {
            "learning_time": 1124240.4948730469, 
            "nrmse": 0.11280355528951573
        }, 
        "run_4": {
            "learning_time": 1151502.0241699219, 
            "nrmse": 0.11104048649408048
        }, 
        "run_5": {
            "learning_time": 1115375.5222167969, 
            "nrmse": 0.10703655930845866
        }
    }
}