{
    "average_learning_time": 1238.841203515625, 
    "average_test_LL": -14277.249822642412,
    "folds": {
        "fold_1": {
            "learning_time": 1148874.0417480469, 
            "test_LL": -13655.1201346575
        }, 
        "fold_10": {
            "learning_time": 1493662.7373046875, 
            "test_LL": -13581.995099228856
        }, 
        "fold_2": {
            "learning_time": 1131876.3579101562, 
            "test_LL": -14988.13589707949
        }, 
        "fold_3": {
            "learning_time": 1129919.787109375, 
            "test_LL": -15117.76358655391
        }, 
        "fold_4": {
            "learning_time": 1123581.7180175781, 
            "test_LL": -13616.14029065813
        }, 
        "fold_5": {
            "learning_time": 1234022.3439941406, 
            "test_LL": -13007.385087296998
        }, 
        "fold_6": {
            "learning_time": 1525739.5739746094, 
            "test_LL": -14255.467672719253
        }, 
        "fold_7": {
            "learning_time": 1300614.3039550781, 
            "test_LL": -14772.467405474905
        }, 
        "fold_8": {
            "learning_time": 1134419.2790527344, 
            "test_LL": -16136.181087255092
        }, 
        "fold_9": {
            "learning_time": 1165701.8920898438, 
            "test_LL": -13641.841965499967
        }
    }
}