{
    "average_accuracy": 0.9450292397660818, 
    "average_learning_time": 43.66712890625, 
    "average_nrmse": 0.15660531458885524, 
    "runs": {
        "run_1": {
            "accuracy": 0.8888888888888888, 
            "learning_time": 42147.828857421875, 
            "nrmse": 0.15032536755448372
        }, 
        "run_2": {
            "accuracy": 1.0, 
            "learning_time": 43985.873779296875, 
            "nrmse": 0.15254013224919194
        }, 
        "run_3": {
            "accuracy": 0.8888888888888888, 
            "learning_time": 42398.09814453125, 
            "nrmse": 0.1667784473481797
        }, 
        "run_4": {
            "accuracy": 0.9473684210526315, 
            "learning_time": 44679.46484375, 
            "nrmse": 0.14998455902608973
        }, 
        "run_5": {
            "accuracy": 1.0, 
            "learning_time": 45124.37890625, 
            "nrmse": 0.16339806676633112
        }
    }
}