{
    "average_accuracy": 0.8212127513013792, 
    "average_learning_time": 30.53183037109375, 
    "average_nrmse": 0.1693919425840695, 
    "runs": {
        "run_1": {
            "accuracy": 0.8552631578947368, 
            "learning_time": 28326.22998046875, 
            "nrmse": 0.16317377944001757
        }, 
        "run_2": {
            "accuracy": 0.8902439024390244, 
            "learning_time": 34981.449951171875, 
            "nrmse": 0.1701870348158354
        }, 
        "run_3": {
            "accuracy": 0.7272727272727273, 
            "learning_time": 26669.219970703125, 
            "nrmse": 0.16788209491198863
        }, 
        "run_4": {
            "accuracy": 0.863013698630137, 
            "learning_time": 33011.50390625, 
            "nrmse": 0.1709626099097728
        }, 
        "run_5": {
            "accuracy": 0.7702702702702703, 
            "learning_time": 29670.748046875, 
            "nrmse": 0.17475419384273316
        }
    }
}