{
    "average_accuracy": 0.6862468671679198, 
    "average_learning_time": 24.582593408203124, 
    "average_nrmse": 0.1846049228656326, 
    "runs": {
        "run_1": {
            "accuracy": 0.7142857142857143, 
            "learning_time": 25399.49609375, 
            "nrmse": 0.18912266479185547
        }, 
        "run_2": {
            "accuracy": 0.6842105263157895, 
            "learning_time": 26768.650146484375, 
            "nrmse": 0.19706844793415174
        }, 
        "run_3": {
            "accuracy": 0.6785714285714286, 
            "learning_time": 22048.11083984375, 
            "nrmse": 0.1717622943477459
        }, 
        "run_4": {
            "accuracy": 0.6666666666666666, 
            "learning_time": 25483.073974609375, 
            "nrmse": 0.17858930006332832
        }, 
        "run_5": {
            "accuracy": 0.6875, 
            "learning_time": 23213.635986328125, 
            "nrmse": 0.18648190719108163
        }
    }
}