{
    "average_accuracy": 0.9242330488383119, 
    "average_learning_time": 38.851069873046875, 
    "average_nrmse": 0.15766489067765885, 
    "runs": {
        "run_1": {
            "accuracy": 0.875, 
            "learning_time": 42350.978271484375, 
            "nrmse": 0.1562253585335497
        }, 
        "run_2": {
            "accuracy": 0.9791666666666666, 
            "learning_time": 41979.52099609375, 
            "nrmse": 0.15495286871723496
        }, 
        "run_3": {
            "accuracy": 0.9210526315789473, 
            "learning_time": 34344.547119140625, 
            "nrmse": 0.15275523432699345
        }, 
        "run_4": {
            "accuracy": 0.9459459459459459, 
            "learning_time": 41066.01171875, 
            "nrmse": 0.16203646139863556
        }, 
        "run_5": {
            "accuracy": 0.9, 
            "learning_time": 34514.291259765625, 
            "nrmse": 0.16235453041188058
        }
    }
}