{
    "average_accuracy": 0.7419969278033796, 
    "average_error": 0.1823359581182872, 
    "average_learning_time": 37.704632177734375, 
    "average_nrmse": 0.1765154108814923, 
    "runs": {
        "run_1": {
            "accuracy": 0.7741935483870968, 
            "average_error": 0.18305441702677286, 
            "learning_time": 37661.07421875, 
            "nrmse": 0.1797657989816859
        }, 
        "run_2": {
            "accuracy": 0.8666666666666667, 
            "average_error": 0.17401978021598064, 
            "learning_time": 35899.0869140625, 
            "nrmse": 0.1771495068992612
        }, 
        "run_3": {
            "accuracy": 0.6666666666666666, 
            "average_error": 0.18725871629136306, 
            "learning_time": 34094.294921875, 
            "nrmse": 0.17602220728813459
        }, 
        "run_4": {
            "accuracy": 0.6881720430107527, 
            "average_error": 0.18713944376035835, 
            "learning_time": 39630.81396484375, 
            "nrmse": 0.1775480196658284
        }, 
        "run_5": {
            "accuracy": 0.7142857142857143, 
            "average_error": 0.1802074332969612, 
            "learning_time": 41237.890869140625, 
            "nrmse": 0.17209152157255164
        }
    }
}