{
    "average_accuracy": 0.6945279866332498, 
    "average_error": 0.1945695780743208, 
    "average_learning_time": 28.080585595703123, 
    "average_nrmse": 0.18603862151336464, 
    "runs": {
        "run_1": {
            "accuracy": 0.8035714285714286, 
            "average_error": 0.18331901006140047, 
            "learning_time": 31193.00390625, 
            "nrmse": 0.18231058226392577
        }, 
        "run_2": {
            "accuracy": 0.7543859649122807, 
            "average_error": 0.19316222600643043, 
            "learning_time": 27548.66015625, 
            "nrmse": 0.1891274714617159
        }, 
        "run_3": {
            "accuracy": 0.6428571428571429, 
            "average_error": 0.1955782760104054, 
            "learning_time": 25365.329833984375, 
            "nrmse": 0.18315023130790908
        }, 
        "run_4": {
            "accuracy": 0.6111111111111112, 
            "average_error": 0.20425251183717677, 
            "learning_time": 31157.631103515625, 
            "nrmse": 0.1900497136024297
        }, 
        "run_5": {
            "accuracy": 0.6607142857142857, 
            "average_error": 0.19653586645619084, 
            "learning_time": 25138.302978515625, 
            "nrmse": 0.18555510893084287
        }
    }
}