{
    "average_accuracy": 0.8290855116588846, 
    "average_error": 0.16915413555230743, 
    "average_learning_time": 42.322789843749995, 
    "average_nrmse": 0.1690187237993222, 
    "runs": {
        "run_1": {
            "accuracy": 0.8421052631578947, 
            "average_error": 0.17190699641301138, 
            "learning_time": 44998.7109375, 
            "nrmse": 0.17298486253385031
        }, 
        "run_2": {
            "accuracy": 0.9024390243902439, 
            "average_error": 0.16172116072231843, 
            "learning_time": 46921.033203125, 
            "nrmse": 0.16665655957713094
        }, 
        "run_3": {
            "accuracy": 0.7142857142857143, 
            "average_error": 0.1687849290573012, 
            "learning_time": 34555.081298828125, 
            "nrmse": 0.1597903631606101
        }, 
        "run_4": {
            "accuracy": 0.8082191780821918, 
            "average_error": 0.17914220862263505, 
            "learning_time": 48242.5478515625, 
            "nrmse": 0.17817000759992943
        }, 
        "run_5": {
            "accuracy": 0.8783783783783784, 
            "average_error": 0.164215382946271, 
            "learning_time": 36896.575927734375, 
            "nrmse": 0.1674918261250902
        }
    }
}