{
    "average_accuracy": 0.8839905168326221, 
    "average_error": 0.1553101215265728, 
    "average_learning_time": 45.77145546875, 
    "average_nrmse": 0.15833324755420322, 
    "runs": {
        "run_1": {
            "accuracy": 0.85, 
            "average_error": 0.1539577337015241, 
            "learning_time": 38553.91015625, 
            "nrmse": 0.1542621747554875
        }, 
        "run_2": {
            "accuracy": 0.9166666666666666, 
            "average_error": 0.15841783593767578, 
            "learning_time": 53792.669921875, 
            "nrmse": 0.16419356690724057
        }, 
        "run_3": {
            "accuracy": 0.868421052631579, 
            "average_error": 0.15217953208402837, 
            "learning_time": 44053.580078125, 
            "nrmse": 0.1537641924467674
        }, 
        "run_4": {
            "accuracy": 0.8648648648648649, 
            "average_error": 0.1551986029040146, 
            "learning_time": 50990.76611328125, 
            "nrmse": 0.1567419465785438
        }, 
        "run_5": {
            "accuracy": 0.92, 
            "average_error": 0.15679690300562135, 
            "learning_time": 41466.35107421875, 
            "nrmse": 0.16270435708297684
        }
    }
}