{
    "average_accuracy": 0.8825485211306108, 
    "average_error": 0.16088539650774225, 
    "average_learning_time": 42.69785209960937, 
    "average_nrmse": 0.16422646709530783, 
    "runs": {
        "run_1": {
            "accuracy": 0.8771929824561403, 
            "average_error": 0.1647548491802476, 
            "learning_time": 39497.079833984375, 
            "nrmse": 0.16798160545996976
        }, 
        "run_2": {
            "accuracy": 0.8507462686567164, 
            "average_error": 0.16604967971612572, 
            "learning_time": 43212.785888671875, 
            "nrmse": 0.16734167574480588
        }, 
        "run_3": {
            "accuracy": 0.9107142857142857, 
            "average_error": 0.14814737954066512, 
            "learning_time": 37144.053955078125, 
            "nrmse": 0.1526751999448921
        }, 
        "run_4": {
            "accuracy": 0.7894736842105263, 
            "average_error": 0.17119728998809083, 
            "learning_time": 48427.6279296875, 
            "nrmse": 0.1681719803110614
        }, 
        "run_5": {
            "accuracy": 0.9846153846153847, 
            "average_error": 0.15427778411358192, 
            "learning_time": 45207.712890625, 
            "nrmse": 0.16496187401581014
        }
    }
}