{
    "average_accuracy": 0.811740179942945, 
    "average_learning_time": 27.446204345703126, 
    "average_nrmse": 0.17568945141162473, 
    "runs": {
        "run_1": {
            "accuracy": 0.8279569892473119, 
            "learning_time": 24961.869873046875, 
            "nrmse": 0.1736349443406032
        }, 
        "run_2": {
            "accuracy": 0.8095238095238095, 
            "learning_time": 28863.90087890625, 
            "nrmse": 0.17851798550743653
        }, 
        "run_3": {
            "accuracy": 0.8494623655913979, 
            "learning_time": 23925.082275390625, 
            "nrmse": 0.170093411682544
        }, 
        "run_4": {
            "accuracy": 0.8064516129032258, 
            "learning_time": 29817.037841796875, 
            "nrmse": 0.17584835525722908
        }, 
        "run_5": {
            "accuracy": 0.7653061224489796, 
            "learning_time": 29663.130859375, 
            "nrmse": 0.18035256027031082
        }
    }
}