{
    "average_accuracy": 0.9618642566010986, 
    "average_error": 0.14451189827364014, 
    "average_learning_time": 55.278253515625, 
    "average_nrmse": 0.1526946794178508, 
    "runs": {
        "run_1": {
            "accuracy": 1.0, 
            "average_error": 0.13972827030456886, 
            "learning_time": 58482.81396484375, 
            "nrmse": 0.15047659878953568
        }, 
        "run_2": {
            "accuracy": 0.9545454545454546, 
            "average_error": 0.13837589829244534, 
            "learning_time": 58723.618896484375, 
            "nrmse": 0.1455236946645915
        }, 
        "run_3": {
            "accuracy": 0.9444444444444444, 
            "average_error": 0.15418529526895589, 
            "learning_time": 50881.11279296875, 
            "nrmse": 0.16177219832383283
        }, 
        "run_4": {
            "accuracy": 0.9473684210526315, 
            "average_error": 0.1429007679299548, 
            "learning_time": 56145.072998046875, 
            "nrmse": 0.14984455169784605
        }, 
        "run_5": {
            "accuracy": 0.9629629629629629, 
            "average_error": 0.1473692595722759, 
            "learning_time": 52158.64892578125, 
            "nrmse": 0.1558563536134481
        }
    }
}