{
    "average_accuracy": 0.8834748754780175, 
    "average_learning_time": 32.945537939453125, 
    "average_nrmse": 0.16503762120352847, 
    "runs": {
        "run_1": {
            "accuracy": 0.8596491228070176, 
            "learning_time": 26638.860107421875, 
            "nrmse": 0.16519571043796707
        }, 
        "run_2": {
            "accuracy": 0.8507462686567164, 
            "learning_time": 36190.76171875, 
            "nrmse": 0.17064035089089732
        }, 
        "run_3": {
            "accuracy": 0.9285714285714286, 
            "learning_time": 30082.658935546875, 
            "nrmse": 0.1565073151003949
        }, 
        "run_4": {
            "accuracy": 0.8245614035087719, 
            "learning_time": 37461.6279296875, 
            "nrmse": 0.16897325695676046
        }, 
        "run_5": {
            "accuracy": 0.9538461538461539, 
            "learning_time": 34353.781005859375, 
            "nrmse": 0.16387147263162258
        }
    }
}