{
    "average_learning_time": 1306.337148046875, 
    "avg_accuracy": 0.8693269535523317, 
    "runs": {
        "run_1": {
            "accuracy": 0.8689691132717848, 
            "learning_time": 1302378.9370117188
        }, 
        "run_2": {
            "accuracy": 0.8688873212076599, 
            "learning_time": 1301614.0830078125
        }, 
        "run_3": {
            "accuracy": 0.8696438978008159, 
            "learning_time": 1305811.7221679688
        }, 
        "run_4": {
            "accuracy": 0.868151192630535, 
            "learning_time": 1311261.6411132812
        }, 
        "run_5": {
            "accuracy": 0.8709832428508624, 
            "learning_time": 1310619.3569335938
        }
    }
}