{
    "average_learning_time": 1303.7829477539062, 
    "avg_accuracy": 0.8691531301630924, 
    "runs": {
        "run_1": {
            "accuracy": 0.8690353503132617, 
            "learning_time": 1305218.7268066406
        }, 
        "run_2": {
            "accuracy": 0.8689944545320705, 
            "learning_time": 1304243.8049316406
        }, 
        "run_3": {
            "accuracy": 0.8696324287186534, 
            "learning_time": 1300435.5900878906
        }, 
        "run_4": {
            "accuracy": 0.8682828679393434, 
            "learning_time": 1309037.5380859375
        }, 
        "run_5": {
            "accuracy": 0.8698205493121329, 
            "learning_time": 1299979.0788574219
        }
    }
}