{
    "average_learning_time": 1818.4108862304688, 
    "avg_accuracy": 0.8685669883854082, 
    "runs": {
        "run_1": {
            "accuracy": 0.8680884999182071, 
            "learning_time": 1814940.7290039062
        }, 
        "run_2": {
            "accuracy": 0.8677408800916081, 
            "learning_time": 1823582.4987792969
        }, 
        "run_3": {
            "accuracy": 0.8705013904793064, 
            "learning_time": 1810958.9001464844
        }, 
        "run_4": {
            "accuracy": 0.8661050220840831, 
            "learning_time": 1823033.4870605469
        }, 
        "run_5": {
            "accuracy": 0.8703991493538361, 
            "learning_time": 1819538.8161621094
        }
    }
}