{
    "average_learning_time": 1839.7952939453126, 
    "avg_accuracy": 0.8695321446098478, 
    "runs": {
        "run_1": {
            "accuracy": 0.8707263209553411, 
            "learning_time": 1886940.5639648438
        }, 
        "run_2": {
            "accuracy": 0.870031081302143, 
            "learning_time": 1826885.0009765625
        }, 
        "run_3": {
            "accuracy": 0.8702764600032717, 
            "learning_time": 1824389.8029785156
        }, 
        "run_4": {
            "accuracy": 0.8661868149844594, 
            "learning_time": 1835802.5510253906
        }, 
        "run_5": {
            "accuracy": 0.8704400458040242, 
            "learning_time": 1824958.55078125
        }
    }
}