{
    "average_learning_time": 1712.599308203125, 
    "avg_accuracy": 0.8695720926428289, 
    "runs": {
        "run_1": {
            "accuracy": 0.8687514483961994, 
            "learning_time": 1818484.955078125
        }, 
        "run_2": {
            "accuracy": 0.8686696566108211, 
            "learning_time": 1815723.6159667969
        }, 
        "run_3": {
            "accuracy": 0.8697329498207397, 
            "learning_time": 1811419.4360351562
        }, 
        "run_4": {
            "accuracy": 0.8691058794661722, 
            "learning_time": 1811503.9460449219
        }, 
        "run_5": {
            "accuracy": 0.8716005289202121, 
            "learning_time": 1305864.587890625
        }
    }
}