{
    "average_accuracy": 0.7162619858181136, 
    "average_error": 0.2237987465332288, 
    "average_learning_time": 221.6260615234375, 
    "average_nrmse": 0.19863667046280273, 
    "runs": {
        "run_1": {
            "accuracy": 0.7582697201017812, 
            "average_error": 0.21702743293311852, 
            "learning_time": 289161.65380859375, 
            "nrmse": 0.20649769117763536
        }, 
        "run_2": {
            "accuracy": 0.6887034659820283, 
            "average_error": 0.22831558437355748, 
            "learning_time": 206603.33618164062, 
            "nrmse": 0.19122486151356793
        }, 
        "run_3": {
            "accuracy": 0.7312379730596537, 
            "average_error": 0.21729198374369393, 
            "learning_time": 212323.52172851562, 
            "nrmse": 0.19527418031161628
        }, 
        "run_4": {
            "accuracy": 0.676056338028169, 
            "average_error": 0.23391930571083308, 
            "learning_time": 210585.494140625, 
            "nrmse": 0.1984751009633545
        }, 
        "run_5": {
            "accuracy": 0.727042431918936, 
            "average_error": 0.22243942590494084, 
            "learning_time": 189456.3017578125, 
            "nrmse": 0.20171151834783957
        }
    }
}