{
    "average_accuracy": 0.7349496911756346, 
    "average_error": 0.21201437315247862, 
    "average_learning_time": 236.65102353515624, 
    "average_nrmse": 0.1896885179009714, 
    "runs": {
        "run_1": {
            "accuracy": 0.7553444180522565, 
            "average_error": 0.2040013665990503, 
            "learning_time": 261835.15991210938, 
            "nrmse": 0.18871939069520047
        }, 
        "run_2": {
            "accuracy": 0.7067307692307693, 
            "average_error": 0.22656506402715715, 
            "learning_time": 233549.42797851562, 
            "nrmse": 0.19505502658373067
        }, 
        "run_3": {
            "accuracy": 0.7766129032258065, 
            "average_error": 0.1945513165328171, 
            "learning_time": 224710.97583007812, 
            "nrmse": 0.18258280682659098
        }, 
        "run_4": {
            "accuracy": 0.6806989674344718, 
            "average_error": 0.22522278732262482, 
            "learning_time": 205140.36987304688, 
            "nrmse": 0.18668837278523187
        }, 
        "run_5": {
            "accuracy": 0.7553613979348689, 
            "average_error": 0.20973133128074367, 
            "learning_time": 258019.18408203125, 
            "nrmse": 0.19539699261410304
        }
    }
}