{
    "average_accuracy": 0.8249976779333519, 
    "average_error": 0.17393801915428278, 
    "average_learning_time": 303.41994599609376, 
    "average_nrmse": 0.1706962351650074, 
    "runs": {
        "run_1": {
            "accuracy": 0.861198738170347, 
            "average_error": 0.16958634529641345, 
            "learning_time": 270526.4768066406, 
            "nrmse": 0.1799452402392775
        }, 
        "run_2": {
            "accuracy": 0.8129251700680272, 
            "average_error": 0.17238755612434248, 
            "learning_time": 291043.5817871094, 
            "nrmse": 0.16916865630578568
        }, 
        "run_3": {
            "accuracy": 0.8327645051194539, 
            "average_error": 0.17113066165471374, 
            "learning_time": 319644.84814453125, 
            "nrmse": 0.16776310694013086
        }, 
        "run_4": {
            "accuracy": 0.8149253731343283, 
            "average_error": 0.17304183575127052, 
            "learning_time": 345881.8291015625, 
            "nrmse": 0.1653542815232144
        }, 
        "run_5": {
            "accuracy": 0.8031746031746032, 
            "average_error": 0.18354369694467373, 
            "learning_time": 290002.994140625, 
            "nrmse": 0.17124989081662859
        }
    }
}