{
    "average_accuracy": 0.7912537558351794, 
    "average_error": 0.18933464572982633, 
    "average_learning_time": 256.7653149902344, 
    "average_nrmse": 0.18142031124780114, 
    "runs": {
        "run_1": {
            "accuracy": 0.8346213292117465, 
            "average_error": 0.178465734343346, 
            "learning_time": 257135.02221679688, 
            "nrmse": 0.18301606292916642
        }, 
        "run_2": {
            "accuracy": 0.7996742671009772, 
            "average_error": 0.18990421900014423, 
            "learning_time": 255429.61010742188, 
            "nrmse": 0.1868835657520126
        }, 
        "run_3": {
            "accuracy": 0.809931506849315, 
            "average_error": 0.18240739847029291, 
            "learning_time": 284254.81396484375, 
            "nrmse": 0.1772212068529652
        }, 
        "run_4": {
            "accuracy": 0.7178294573643411, 
            "average_error": 0.20547875930636572, 
            "learning_time": 268305.57177734375, 
            "nrmse": 0.17779149288733456
        }, 
        "run_5": {
            "accuracy": 0.7942122186495176, 
            "average_error": 0.19041711752898283, 
            "learning_time": 218701.55688476562, 
            "nrmse": 0.18218922781752703
        }
    }
}