{
    "average_accuracy": 0.7618784694706421, 
    "average_error": 0.19785296434608984, 
    "average_learning_time": 234.03831313476564, 
    "average_nrmse": 0.18139250539718182, 
    "runs": {
        "run_1": {
            "accuracy": 0.7821576763485477, 
            "average_error": 0.18881651662029636, 
            "learning_time": 215756.42993164062, 
            "nrmse": 0.17753327168693728
        }, 
        "run_2": {
            "accuracy": 0.7587672688629118, 
            "average_error": 0.19918299519478588, 
            "learning_time": 204679.49780273438, 
            "nrmse": 0.18082963517805825
        }, 
        "run_3": {
            "accuracy": 0.7861771058315334, 
            "average_error": 0.1927608196951708, 
            "learning_time": 272459.6799316406, 
            "nrmse": 0.18404286876731277
        }, 
        "run_4": {
            "accuracy": 0.7176470588235294, 
            "average_error": 0.21020072275752802, 
            "learning_time": 253974.67407226562, 
            "nrmse": 0.1824144818848687
        }, 
        "run_5": {
            "accuracy": 0.7646432374866879, 
            "average_error": 0.19830376746266817, 
            "learning_time": 223321.28393554688, 
            "nrmse": 0.1821422694687321
        }
    }
}