{
    "average_learning_time": 9267.173933642578, 
    "average_nrmse": 0.10141778324199217, 
    "runs": {
        "run_1": {
            "learning_time": 8235122.354980469, 
            "nrmse": 0.10371884918017674
        }, 
        "run_2": {
            "learning_time": 8430504.541015625, 
            "nrmse": 0.10197525253491777
        }, 
        "run_3": {
            "learning_time": 9416808.219970703, 
            "nrmse": 0.09864262939789842
        }, 
        "run_4": {
            "learning_time": 10433729.989990234, 
            "nrmse": 0.1026711754827433
        }, 
        "run_5": {
            "learning_time": 9819704.56225586, 
            "nrmse": 0.1000810096142247
        }
    }
}