{
    "average_learning_time": 8692.650512841796, 
    "average_nrmse": 0.10732454058028158, 
    "runs": {
        "run_1": {
            "learning_time": 9583461.45288086, 
            "nrmse": 0.10670439295135
        }, 
        "run_2": {
            "learning_time": 9539813.758300781, 
            "nrmse": 0.10764947860533132
        }, 
        "run_3": {
            "learning_time": 8226135.595947266, 
            "nrmse": 0.10640599609997557
        }, 
        "run_4": {
            "learning_time": 8446859.50805664, 
            "nrmse": 0.10943411996161365
        }, 
        "run_5": {
            "learning_time": 7666982.2490234375, 
            "nrmse": 0.1064287152831373
        }
    }
}