{
    "average_learning_time": 8610.564444189453, 
    "average_nrmse": 0.11603391888496684, 
    "runs": {
        "run_1": {
            "learning_time": 8945624.119873047, 
            "nrmse": 0.11746295331599492
        }, 
        "run_2": {
            "learning_time": 9183350.7890625, 
            "nrmse": 0.11642657400240297
        }, 
        "run_3": {
            "learning_time": 8751344.967041016, 
            "nrmse": 0.11613127812132704
        }, 
        "run_4": {
            "learning_time": 8478980.046875, 
            "nrmse": 0.11527326464166643
        }, 
        "run_5": {
            "learning_time": 7693522.298095703, 
            "nrmse": 0.1148755243434428
        }
    }
}