{
    "average_learning_time": 8936.146347363281, 
    "average_nrmse": 0.09196748578862615, 
    "runs": {
        "run_1": {
            "learning_time": 9064229.617919922, 
            "nrmse": 0.09145126377914709
        }, 
        "run_2": {
            "learning_time": 8885093.197021484, 
            "nrmse": 0.09224539926357571
        }, 
        "run_3": {
            "learning_time": 8756638.027832031, 
            "nrmse": 0.09139250738118422
        }, 
        "run_4": {
            "learning_time": 8892683.385009766, 
            "nrmse": 0.09345627019978647
        }, 
        "run_5": {
            "learning_time": 9082087.509033203, 
            "nrmse": 0.0912919883194373
        }
    }
}