{
    "average_learning_time": 8986.724173876952, 
    "average_nrmse": 0.08830842988737148, 
    "runs": {
        "run_1": {
            "learning_time": 8592493.25805664, 
            "nrmse": 0.08810437977491811
        }, 
        "run_2": {
            "learning_time": 8828922.616210938, 
            "nrmse": 0.0888713183700304
        }, 
        "run_3": {
            "learning_time": 9287055.352050781, 
            "nrmse": 0.08857263053225374
        }, 
        "run_4": {
            "learning_time": 9191990.477050781, 
            "nrmse": 0.08858885235117264
        }, 
        "run_5": {
            "learning_time": 9033159.166015625, 
            "nrmse": 0.0874049684084825
        }
    }
}