{
    "average_learning_time": 8630.269165185546, 
    "average_nrmse": 0.09509590228023766, 
    "runs": {
        "run_1": {
            "learning_time": 9051107.793945312, 
            "nrmse": 0.09460924779852788
        }, 
        "run_2": {
            "learning_time": 8721260.83618164, 
            "nrmse": 0.09626075003321503
        }, 
        "run_3": {
            "learning_time": 8344031.7890625, 
            "nrmse": 0.09386687102429056
        }, 
        "run_4": {
            "learning_time": 8544636.125976562, 
            "nrmse": 0.0952433604174631
        }, 
        "run_5": {
            "learning_time": 8490309.280761719, 
            "nrmse": 0.09549928212769176
        }
    }
}