{
    "average_learning_time": 30.756150830078123, 
    "average_test_ll": -440.2920025605965, 
    "folds": {
        "fold_1": {
            "learning_time": 28275.920166015625, 
            "test_ll": -420.6464731438807
        }, 
        "fold_10": {
            "learning_time": 35274.35791015625, 
            "test_ll": -407.2113745949291
        }, 
        "fold_2": {
            "learning_time": 29825.62890625, 
            "test_ll": -515.9653575197685
        }, 
        "fold_3": {
            "learning_time": 27939.649169921875, 
            "test_ll": -369.02575453830923
        }, 
        "fold_4": {
            "learning_time": 29536.5341796875, 
            "test_ll": -452.9432103003641
        }, 
        "fold_5": {
            "learning_time": 28284.836181640625, 
            "test_ll": -308.56152422862806
        }, 
        "fold_6": {
            "learning_time": 28835.14599609375, 
            "test_ll": -405.74454161993117
        }, 
        "fold_7": {
            "learning_time": 31573.35498046875, 
            "test_ll": -670.6774702644293
        }, 
        "fold_8": {
            "learning_time": 34175.462890625, 
            "test_ll": -373.62882132366275
        }, 
        "fold_9": {
            "learning_time": 33840.617919921875, 
            "test_ll": -478.51549807206277
        }
    }
}