{
    "average_learning_time": 178.14347758789063, 
    "average_test_LL": -1728.787012327848,
    "folds": {
        "fold_1": {
            "learning_time": 151168.6337890625, 
            "test_LL": -1688.1419561075372
        }, 
        "fold_10": {
            "learning_time": 171278.80419921875, 
            "test_LL": -1981.9606682651486
        }, 
        "fold_2": {
            "learning_time": 176782.00415039062, 
            "test_LL": -1644.031543341144
        }, 
        "fold_3": {
            "learning_time": 184247.451171875, 
            "test_LL": -1535.6089835999169
        }, 
        "fold_4": {
            "learning_time": 180630.82592773438, 
            "test_LL": -1784.9177161884422
        }, 
        "fold_5": {
            "learning_time": 182488.8662109375, 
            "test_LL": -1707.1485395270786
        }, 
        "fold_6": {
            "learning_time": 184979.77392578125, 
            "test_LL": -1589.5472975097186
        }, 
        "fold_7": {
            "learning_time": 190324.2099609375, 
            "test_LL": -1754.5255596179
        }, 
        "fold_8": {
            "learning_time": 177458.10717773438, 
            "test_LL": -1753.602878789317
        }, 
        "fold_9": {
            "learning_time": 182076.09936523438, 
            "test_LL": -1848.3849803322762
        }
    }
}